Order Date,Region,Price
1/1/2020,East,48.896
1/1/2020,West,474.43
1/1/2020,Central,3.6
1/1/2020,Central,454.56
1/1/2020,Central,141.42
1/1/2020,Central,310.744
1/1/2020,Central,12.736
1/1/2020,Central,6.47
1/1/2020,Central,13.748
1/1/2020,Central,15.224
1/2/2020,South,695.7
1/2/2020,South,15.66
1/2/2020,South,28.854
1/2/2020,Central,31.744
1/2/2020,Central,5.432
1/2/2020,Central,913.43
1/2/2020,Central,372.144
1/2/2020,West,16.59
1/3/2020,West,38.88
1/3/2020,West,2.022.272
1/3/2020,West,9.12
1/6/2020,South,33.74
1/7/2020,Central,3.059.982
1/7/2020,South,2.808
1/7/2020,West,153.78
1/7/2020,West,61.02
1/7/2020,West,110.11
1/7/2020,West,7.89
1/8/2020,West,892.98
1/9/2020,East,274.491
1/12/2020,East,40.08
1/12/2020,East,37.68
1/12/2020,West,9.78
1/12/2020,Central,760.98
1/13/2020,Central,32.4
1/13/2020,Central,209.94
1/13/2020,Central,4164.05
1/13/2020,Central,212.94
1/14/2020,South,21.744
1/14/2020,South,7.92
1/14/2020,West,169.064
1/14/2020,West,168.624
1/14/2020,South,18.336
1/14/2020,South,36.288
1/14/2020,South,111.984
1/14/2020,South,5.97
1/14/2020,South,2.508
1/14/2020,West,154.9
1/14/2020,Central,67.4
1/14/2020,Central,2.52
1/14/2020,Central,67.8
1/14/2020,Central,18.76
1/14/2020,Central,12.12
1/14/2020,Central,11.34
1/14/2020,Central,159.8
1/14/2020,Central,18.96
1/15/2020,East,34.384
1/15/2020,East,1924.16
1/15/2020,East,12.7
1/15/2020,West,21.4
1/15/2020,Central,32.784
1/15/2020,Central,47.984
1/15/2020,Central,62.592
1/15/2020,Central,4.276
1/16/2020,West,27.92
1/16/2020,West,399.672
1/16/2020,Central,5443.96
1/16/2020,Central,302.67
1/16/2020,Central,56.07
1/19/2020,Central,6
1/19/2020,East,429.6
1/19/2020,East,31.968
1/19/2020,East,887.271
1/19/2020,East,21.696
1/19/2020,East,79.92
1/19/2020,East,12.28
1/19/2020,East,542.94
1/19/2020,East,2.04
1/20/2020,East,207.846
1/20/2020,West,160.776
1/20/2020,West,24.2
1/20/2020,West,359.976
1/20/2020,East,3.52
1/20/2020,Central,11.52
1/21/2020,West,242.94
1/21/2020,West,179.97
1/21/2020,West,99.696
1/21/2020,West,27.936
1/21/2020,West,84.98
1/21/2020,West,18.72
1/21/2020,South,348.208
1/21/2020,South,35.784
1/21/2020,Central,14.4
1/21/2020,Central,619.95
1/21/2020,Central,89.52
1/21/2020,Central,350.973
1/21/2020,Central,164.99
1/21/2020,Central,268.576
1/22/2020,West,2999.95
1/22/2020,West,51.45
1/22/2020,West,11.96
1/22/2020,West,1126.02
1/22/2020,Central,15.12
1/22/2020,Central,7.872
1/23/2020,Central,210.98
1/23/2020,West,19.68
1/23/2020,West,25.92
1/23/2020,West,6.48
1/23/2020,West,86.352
1/23/2020,West,95.984
1/23/2020,West,4.938
1/24/2020,South,5.67
1/24/2020,West,25.86
1/24/2020,West,276.784
1/24/2020,West,110.352
1/26/2020,South,15.47
1/26/2020,South,7.16
1/26/2020,Central,18.16
1/26/2020,West,11.84
1/26/2020,South,62.72
1/26/2020,South,2939.93
1/27/2020,East,14.016
1/27/2020,East,71.976
1/27/2020,East,107.982
1/27/2020,East,137.94
1/28/2020,West,239.97
1/28/2020,West,37.74
1/28/2020,Central,279.9
1/28/2020,East,449.91
1/29/2020,Central,12.128
1/29/2020,West,8.34
1/29/2020,West,8.57
1/29/2020,West,119.616
1/29/2020,East,5.22
1/29/2020,East,4.768
1/29/2020,Central,12.96
1/29/2020,Central,94.85
1/29/2020,Central,13.48
1/29/2020,Central,14.91
1/30/2020,Central,18.28
1/30/2020,Central,207
1/30/2020,Central,32.35
1/30/2020,Central,7.71
1/30/2020,Central,40.3
1/30/2020,Central,34.58
1/30/2020,West,129.3
1/30/2020,West,12.74
1/30/2020,West,8.82
1/30/2020,West,120.784
1/30/2020,South,419.136
1/30/2020,Central,69.375
1/30/2020,Central,31.68
1/30/2020,Central,2.003.168
1/30/2020,Central,9.344
1/30/2020,West,604.768
2/2/2020,East,59.97
2/2/2020,East,78.304
2/2/2020,East,21.456
2/2/2020,West,86.26
2/2/2020,West,139.04
2/2/2020,West,46.8
2/2/2020,West,210.58
2/2/2020,West,30.96
2/2/2020,West,239.984
2/3/2020,East,5.229
2/3/2020,East,285.552
2/3/2020,South,3.882
2/3/2020,South,115.296
2/3/2020,Central,5.184
2/3/2020,Central,65.584
2/3/2020,Central,22.2
2/3/2020,Central,419.4
2/4/2020,East,32.67
2/5/2020,Central,243.992
2/5/2020,Central,7.12
2/5/2020,West,1640.7
2/5/2020,West,371.2
2/6/2020,South,359.97
2/6/2020,East,240.784
2/6/2020,East,227.46
2/6/2020,East,46.24
2/6/2020,West,29.9
2/9/2020,Central,252.784
2/9/2020,Central,127.984
2/9/2020,Central,3.984
2/9/2020,Central,12.992
2/9/2020,West,21.12
2/9/2020,West,354.9
2/10/2020,West,203.983
2/10/2020,East,23.12
2/11/2020,West,21.336
2/11/2020,West,963.136
2/11/2020,West,88.776
2/11/2020,East,20.7
2/11/2020,East,147.568
2/13/2020,West,6.63
2/13/2020,West,799.96
2/13/2020,West,107.53
2/13/2020,East,25.02
2/13/2020,East,10.71
2/13/2020,East,17.94
2/13/2020,Central,90.64
2/16/2020,East,37.94
2/16/2020,East,579.51
2/16/2020,East,14.99
2/16/2020,Central,18.368
2/16/2020,Central,600.558
2/16/2020,Central,50.352
2/16/2020,Central,28.032
2/16/2020,Central,7.692
2/17/2020,Central,480.96
2/17/2020,Central,124.792
2/17/2020,South,29.16
2/17/2020,East,11.76
2/17/2020,East,166.45
2/17/2020,Central,890.664
2/17/2020,Central,175.44
2/17/2020,Central,438.336
2/17/2020,East,455.97
2/17/2020,East,5.715
2/17/2020,East,57.594
2/17/2020,East,30.144
2/17/2020,East,899.43
2/18/2020,West,167.976
2/18/2020,West,109.53
2/18/2020,West,9.82
2/19/2020,South,1245.86
2/19/2020,West,11.22
2/19/2020,West,12.84
2/19/2020,West,44.67
2/20/2020,West,22.23
2/20/2020,West,215.968
2/20/2020,Central,6.56
2/20/2020,Central,13.11
2/20/2020,West,9.432
2/20/2020,West,333.576
2/20/2020,West,31.992
2/20/2020,West,51.168
2/20/2020,West,10.64
2/20/2020,West,68.704
2/20/2020,West,386.91
2/21/2020,Central,47.904
2/23/2020,West,37.44
2/23/2020,West,8.4
2/23/2020,West,71.96
2/24/2020,East,4.956
2/24/2020,East,123.92
2/24/2020,East,1319.8
2/25/2020,Central,1.788
2/25/2020,South,196.784
2/25/2020,South,231.92
2/26/2020,West,81.92
2/26/2020,West,889.536
2/26/2020,West,892.224
2/26/2020,West,223.92
2/26/2020,West,23.12
2/26/2020,West,356.79
2/26/2020,West,91.96
2/26/2020,West,258.576
2/26/2020,West,29.6
2/28/2020,East,9.84
2/28/2020,East,7.78
3/2/2020,Central,6.976
3/2/2020,Central,12.222
3/2/2020,West,196.776
3/2/2020,West,479.94
3/2/2020,East,59.52
3/2/2020,East,57.96
3/2/2020,East,441.96
3/2/2020,East,68.04
3/2/2020,East,18.528
3/2/2020,West,107.648
3/2/2020,Central,556
3/3/2020,South,72.8
3/3/2020,Central,26.88
3/3/2020,Central,180.98
3/3/2020,Central,99.98
3/3/2020,West,1049.44
3/3/2020,West,170.352
3/3/2020,West,399.672
3/4/2020,West,9.32
3/4/2020,West,15.25
3/4/2020,Central,89.568
3/4/2020,Central,103.5
3/4/2020,Central,2.464
3/4/2020,Central,8.72
3/5/2020,Central,25.06
3/5/2020,Central,7.9
3/5/2020,Central,221.16
3/5/2020,Central,127.96
3/5/2020,Central,18.69
3/5/2020,South,42.68
3/5/2020,South,299.97
3/5/2020,South,262.24
3/5/2020,South,234.36
3/6/2020,East,26.38
3/6/2020,East,71.97
3/6/2020,West,14.976
3/6/2020,West,67.78
3/6/2020,West,23.88
3/6/2020,West,11.52
3/6/2020,West,286.93
3/6/2020,West,206.384
3/6/2020,Central,4.928
3/6/2020,Central,63.488
3/7/2020,East,49.08
3/7/2020,East,25.92
3/7/2020,East,91.59
3/8/2020,South,647.84
3/8/2020,South,20.7
3/8/2020,West,171.2
3/8/2020,West,3.36
3/9/2020,West,199.98
3/9/2020,West,479.984
3/9/2020,West,30.84
3/10/2020,East,5.248
3/10/2020,East,35.91
3/10/2020,East,6.696
3/10/2020,East,43.872
3/10/2020,East,53.982
3/10/2020,South,48.784
3/10/2020,South,13.092
3/10/2020,West,111.96
3/10/2020,Central,933.408
3/11/2020,Central,895.92
3/11/2020,East,776.85
3/11/2020,East,12.294
3/11/2020,East,154.764
3/11/2020,East,43.28
3/11/2020,East,63.88
3/11/2020,East,26.72
3/12/2020,East,69.93
3/12/2020,West,242.94
3/12/2020,South,40.41
3/13/2020,West,314.55
3/13/2020,West,90.8
3/13/2020,West,140.736
3/13/2020,West,214.95
3/13/2020,West,45.36
3/13/2020,West,288.24
3/13/2020,West,1.332.496
3/13/2020,Central,19.456
3/13/2020,Central,209.986
3/13/2020,Central,29.76
3/13/2020,Central,89.768
3/13/2020,Central,959.984
3/13/2020,Central,15.552
3/13/2020,Central,34.36
3/13/2020,East,30.88
3/13/2020,East,465.16
3/13/2020,East,27.12
3/13/2020,East,174.3
3/13/2020,East,299.9
3/13/2020,Central,7.992
3/14/2020,Central,49.616
3/16/2020,West,6.48
3/16/2020,West,46.51
3/16/2020,West,659.976
3/16/2020,East,445.44
3/16/2020,East,44.376
3/16/2020,East,51.264
3/16/2020,East,5.193
3/16/2020,East,159.984
3/16/2020,East,54.224
3/16/2020,West,310.12
3/16/2020,West,70.464
3/16/2020,West,19.68
3/16/2020,West,140.67
3/17/2020,West,17.456
3/17/2020,East,18.75
3/17/2020,East,119.7
3/17/2020,East,9.144
3/17/2020,East,57.06
3/17/2020,East,71.6
3/17/2020,East,107.44
3/17/2020,East,7.31
3/17/2020,East,59.1
3/17/2020,East,46.53
3/17/2020,Central,13.776
3/17/2020,Central,10.272
3/17/2020,South,4.608
3/18/2020,Central,2.688
3/18/2020,Central,27.816
3/18/2020,Central,82.524
3/18/2020,Central,182.994
3/18/2020,Central,23.832
3/18/2020,West,46.2
3/18/2020,Central,537.544
3/18/2020,West,13.9
3/18/2020,West,19.4
3/18/2020,West,90.86
3/19/2020,East,28.91
3/19/2020,West,19.824
3/19/2020,West,657.504
3/19/2020,West,99.54
3/19/2020,West,199.96
3/19/2020,West,14.624
3/19/2020,West,697.16
3/19/2020,West,30.93
3/19/2020,West,27.496
3/19/2020,West,381.36
3/19/2020,East,8.94
3/20/2020,Central,2.91
3/20/2020,West,265.93
3/20/2020,East,238
3/20/2020,East,61.96
3/20/2020,Central,56.704
3/20/2020,Central,274.064
3/21/2020,Central,277.4
3/21/2020,Central,5.78
3/21/2020,Central,1805.88
3/21/2020,West,725.84
3/21/2020,West,10.896
3/21/2020,West,8.544
3/21/2020,South,64.384
3/21/2020,East,8.856
3/21/2020,West,30.576
3/21/2020,West,13.02
3/21/2020,West,22.14
3/21/2020,West,359.32
3/23/2020,West,211.84
3/23/2020,Central,143.728
3/23/2020,East,25.68
3/23/2020,East,347.58
3/23/2020,West,34.76
3/23/2020,West,32.48
3/23/2020,West,20.04
3/23/2020,West,13999.96
3/24/2020,East,221.92
3/24/2020,East,26
3/24/2020,East,47.01
3/24/2020,East,469.99
3/24/2020,East,207.846
3/24/2020,East,271.764
3/24/2020,Central,12.768
3/24/2020,Central,470.376
3/24/2020,West,176.04
3/24/2020,West,16.02
3/24/2020,West,185.92
3/24/2020,West,211.168
3/24/2020,West,479.984
3/24/2020,Central,90.99
3/24/2020,Central,1526.56
3/24/2020,Central,368.97
3/24/2020,Central,6.848
3/24/2020,West,23.1
3/24/2020,East,11.05
3/24/2020,East,257.568
3/24/2020,East,119.96
3/24/2020,West,19.83
3/24/2020,Central,60.84
3/24/2020,South,53.25
3/24/2020,South,3.76
3/24/2020,Central,143.96
3/24/2020,Central,2399.96
3/24/2020,Central,74.352
3/24/2020,Central,87.168
3/24/2020,Central,32.232
3/24/2020,East,15.008
3/24/2020,West,45.68
3/24/2020,West,110.96
3/24/2020,West,11.94
3/24/2020,South,8.26
3/24/2020,South,17.76
3/24/2020,South,332.94
3/24/2020,South,292.1
3/24/2020,South,206.1
3/24/2020,South,17.64
3/24/2020,Central,1.023.332
3/24/2020,Central,600.558
3/24/2020,Central,39.992
3/24/2020,Central,211.246
3/24/2020,South,68.742
3/24/2020,West,12.96
3/24/2020,West,26.48
3/24/2020,West,532.72
3/24/2020,West,26.72
3/24/2020,West,20.04
3/24/2020,West,795.48
3/24/2020,West,21.56
3/24/2020,Central,81.4
3/24/2020,Central,325.86
3/24/2020,East,5.715
3/24/2020,South,59.76
3/24/2020,West,6.08
3/24/2020,West,164.792
3/24/2020,West,94.2
3/24/2020,Central,2.053.328
3/24/2020,East,29.78
3/24/2020,East,677.58
3/24/2020,East,75.04
3/24/2020,East,84.95
3/24/2020,South,61
3/24/2020,South,671.93
3/24/2020,Central,13.468
3/24/2020,South,34.54
3/24/2020,South,2999.95
3/24/2020,South,64.12
3/24/2020,Central,33.62
3/24/2020,West,29.7
4/1/2020,Central,94.2
4/1/2020,Central,28.4
4/1/2020,West,5.78
4/1/2020,West,121.68
4/1/2020,West,482.664
4/1/2020,West,4.799.984
4/1/2020,East,42.93
4/1/2020,South,23.976
4/1/2020,South,6.264
4/1/2020,South,20.808
4/1/2020,South,218.352
4/1/2020,South,127.95
4/1/2020,West,25.11
4/1/2020,South,411.8
4/1/2020,South,360
4/1/2020,East,11.12
4/1/2020,South,14.94
4/1/2020,East,25.472
4/1/2020,Central,7.056
4/1/2020,Central,383.84
4/1/2020,East,41.22
4/1/2020,East,240.37
4/1/2020,East,119.02
4/1/2020,East,16.98
4/1/2020,East,7.04
4/1/2020,Central,106.32
4/1/2020,South,8.1
4/1/2020,South,233.86
4/1/2020,South,6.206.145
4/1/2020,South,5.328
4/1/2020,South,258.072
4/1/2020,South,617.976
4/1/2020,South,16.256
4/1/2020,South,219.184
4/1/2020,South,56.28
4/1/2020,South,2690.97
4/1/2020,East,2591.56
4/1/2020,East,41.95
4/1/2020,West,244.55
4/1/2020,West,195.76
4/1/2020,Central,273.96
4/1/2020,Central,306.9
4/1/2020,East,9.82
4/1/2020,East,35.97
4/1/2020,East,12.96
4/1/2020,East,191.6
4/1/2020,East,8.64
4/1/2020,East,501.81
4/1/2020,South,15.12
4/1/2020,South,17.43
4/1/2020,South,251.64
4/1/2020,Central,478.24
4/1/2020,East,37.896
4/1/2020,East,65.584
4/1/2020,East,7.61
4/1/2020,East,7.16
4/1/2020,Central,10.368
4/1/2020,Central,95.736
4/1/2020,South,12.32
4/1/2020,South,4.419
4/1/2020,East,99.99
4/1/2020,East,286.15
4/1/2020,East,195.104
4/1/2020,East,36.672
4/1/2020,West,199.95
4/1/2020,West,41.86
4/1/2020,Central,11.364
4/1/2020,East,16.768
4/1/2020,East,27.12
4/1/2020,South,1.752
4/1/2020,South,20.992
4/1/2020,East,29.7
4/1/2020,East,39.96
4/1/2020,West,5.28
4/1/2020,West,895.92
4/1/2020,West,436.704
4/1/2020,East,7.92
4/1/2020,East,14.592
4/1/2020,East,89.856
4/1/2020,East,13.872
4/1/2020,Central,8.76
4/1/2020,East,10.776
4/1/2020,East,242.352
4/1/2020,South,198.272
4/1/2020,East,74.45
4/1/2020,South,15.552
4/1/2020,South,4.89
4/1/2020,West,196.45
4/1/2020,West,79.14
4/1/2020,Central,20.736
4/1/2020,South,15.57
4/1/2020,Central,16.52
4/1/2020,East,13.71
4/1/2020,West,205.92
4/1/2020,West,102.833
4/1/2020,South,477.24
4/1/2020,South,25.98
4/1/2020,Central,26.046
4/1/2020,Central,2.896
4/1/2020,Central,32.544
4/1/2020,West,40.74
4/1/2020,West,12.03
4/1/2020,West,2.549.985
4/1/2020,West,21.594
4/1/2020,West,8.964
4/1/2020,West,20.736
4/1/2020,East,60.312
4/1/2020,West,28.14
4/1/2020,West,7.38
4/1/2020,West,10.9
4/1/2020,West,274.89
4/1/2020,West,23.04
4/1/2020,West,218.352
4/1/2020,Central,195.136
4/1/2020,Central,44.4
4/1/2020,East,51.968
4/1/2020,East,51.336
4/1/2020,East,332.704
4/1/2020,East,42.408
4/1/2020,Central,317.058
4/1/2020,Central,15.76
4/1/2020,Central,14.56
4/1/2020,Central,146.86
4/1/2020,Central,36.56
4/1/2020,East,848.544
4/1/2020,East,8.7
4/1/2020,East,122.382
4/1/2020,Central,97.264
4/1/2020,Central,2.694
4/1/2020,Central,2.934
4/1/2020,West,11.54
4/1/2020,West,162.6
4/1/2020,East,908.82
4/1/2020,Central,47.976
4/1/2020,Central,20.736
4/1/2020,West,18.28
4/1/2020,East,254.352
4/1/2020,South,675.06
4/1/2020,East,121.94
4/1/2020,East,122.71
4/1/2020,Central,155.34
4/1/2020,East,54.9
4/1/2020,East,11.76
4/1/2020,East,5.344
4/1/2020,West,66.36
4/1/2020,West,92.88
4/1/2020,West,24.14
4/1/2020,South,387.136
4/1/2020,South,45.408
4/1/2020,South,77.952
4/1/2020,South,3
4/1/2020,West,18.688
4/1/2020,West,11.664
4/1/2020,East,99.28
4/1/2020,East,1.188
4/1/2020,East,7.518
4/1/2020,South,113.568
4/1/2020,West,1.81
4/1/2020,West,552
4/1/2020,East,69.98
4/1/2020,Central,10.43
4/1/2020,Central,72.784
4/1/2020,West,13.904
4/1/2020,South,42.048
4/1/2020,South,67.92
4/1/2020,West,8.896
4/1/2020,West,19.05
4/1/2020,West,73.344
4/1/2020,West,107.97
4/1/2020,West,344.981
4/1/2020,Central,1.988
4/1/2020,West,20.34
4/1/2020,West,39.28
4/1/2020,Central,33.12
4/1/2020,Central,2.202.656
4/1/2020,West,123.92
4/1/2020,West,12.39
4/1/2020,West,47.3
4/1/2020,West,139.58
4/1/2020,East,8.384
4/1/2020,East,6.848
4/1/2020,South,28.08
4/1/2020,South,751.984
4/1/2020,East,1048.35
4/1/2020,East,4.91
4/1/2020,East,62.96
4/1/2020,East,677.58
4/1/2020,East,13.896
4/1/2020,South,4.608
4/1/2020,South,15.528
4/1/2020,South,11.952
4/1/2020,South,23.68
4/1/2020,South,2.376
4/1/2020,East,10.368
4/1/2020,East,5.76
4/1/2020,Central,43.372
4/1/2020,West,163.96
4/1/2020,West,64.96
4/1/2020,West,30.56
4/1/2020,West,9.78
4/1/2020,West,23.24
4/1/2020,South,4.842
4/1/2020,South,220.704
5/1/2020,South,48.9
5/1/2020,South,3.328
5/1/2020,South,933.262
5/1/2020,South,2803.92
5/1/2020,South,314.352
5/1/2020,South,4.608
5/1/2020,East,129.93
5/1/2020,West,159.56
5/1/2020,West,15.7
5/1/2020,West,59.52
5/1/2020,West,34.4
5/1/2020,West,69.52
5/1/2020,West,763.44
5/1/2020,West,25.92
5/1/2020,West,22.96
5/1/2020,East,32.448
5/1/2020,East,26.388
5/1/2020,East,373.47
5/1/2020,East,64.2
5/1/2020,East,8
5/1/2020,West,183.96
5/1/2020,West,17.61
5/1/2020,West,300.904
5/1/2020,South,9.11
5/1/2020,South,571.44
5/1/2020,South,32.4
5/1/2020,South,16.91
5/1/2020,East,2.313
5/1/2020,East,2.202
5/1/2020,East,9.396
5/1/2020,West,243.16
5/1/2020,West,23.16
5/1/2020,West,21.24
5/1/2020,West,9.552
5/1/2020,West,89.991
5/1/2020,South,34.5
5/1/2020,East,6.68
5/1/2020,Central,6.408
5/1/2020,Central,408.744
5/1/2020,East,59.2
5/1/2020,South,54.66
5/1/2020,Central,11.06
5/1/2020,Central,6.234.648
5/1/2020,Central,772.68
5/1/2020,South,68.541
5/1/2020,South,627.168
5/1/2020,South,122.12
5/1/2020,West,152.94
5/1/2020,West,84.416
5/1/2020,Central,191.968
5/1/2020,Central,1458.65
5/1/2020,Central,26.64
5/1/2020,Central,476.8
5/1/2020,Central,87.444
5/1/2020,West,79.99
5/1/2020,West,419.944
5/1/2020,East,47.992
5/1/2020,West,3.359.952
5/1/2020,East,128.058
5/1/2020,West,81.08
5/1/2020,Central,41.472
5/1/2020,South,65.232
5/1/2020,South,207
5/1/2020,West,147.92
5/1/2020,West,104.28
5/1/2020,West,286.85
5/1/2020,West,66.96
5/1/2020,West,199.98
5/1/2020,West,37.44
5/1/2020,West,37.59
5/1/2020,West,26.032
5/1/2020,Central,5.248
5/1/2020,Central,74.416
5/1/2020,Central,6.848
5/1/2020,Central,7.996
5/1/2020,West,209.979
5/1/2020,East,43.92
5/1/2020,Central,127.92
5/1/2020,Central,34.24
5/1/2020,East,87.6
5/1/2020,East,10.272
5/1/2020,West,238.62
5/1/2020,West,7.77
5/1/2020,West,285.48
5/1/2020,West,19.168
5/1/2020,East,5.904
5/1/2020,East,42.85
5/1/2020,East,6.16
5/1/2020,East,17
5/1/2020,East,87.4
5/1/2020,West,58.48
5/1/2020,Central,180.96
5/1/2020,Central,914.97
5/1/2020,Central,587.97
5/1/2020,Central,530.34
5/1/2020,Central,14.94
5/1/2020,East,299.52
5/1/2020,South,20.768
5/1/2020,East,458.43
5/1/2020,West,18.28
5/1/2020,West,1399.93
5/1/2020,South,48.69
5/1/2020,East,539.97
5/1/2020,East,22.58
5/1/2020,West,440.19
5/1/2020,West,64.4
5/1/2020,Central,899.43
5/1/2020,Central,46.2
5/1/2020,Central,47.952
5/1/2020,Central,7.992
5/1/2020,Central,76.864
5/1/2020,East,3.76
5/1/2020,East,14.7
5/1/2020,East,37.2
5/1/2020,East,89.97
5/1/2020,East,261.96
5/1/2020,East,74
5/1/2020,East,58.17
5/1/2020,East,5.04
5/1/2020,East,24.784
5/1/2020,West,29.592
5/1/2020,West,4.752
5/1/2020,West,15.552
5/1/2020,West,39.96
5/1/2020,West,42.624
5/1/2020,West,220.96
5/1/2020,Central,56.704
5/1/2020,Central,11.12
5/1/2020,East,221.024
5/1/2020,East,36.048
5/1/2020,East,14.56
5/1/2020,East,3.048
5/1/2020,Central,6.874
5/1/2020,Central,1.996
5/1/2020,Central,8.928
5/1/2020,South,17.24
5/1/2020,South,302.94
5/1/2020,South,34.75
5/1/2020,South,113.94
5/1/2020,South,55.98
5/1/2020,West,344.704
5/1/2020,Central,706.86
5/1/2020,Central,114.95
5/1/2020,Central,43.19
5/1/2020,Central,22.608
5/1/2020,Central,1.892
5/1/2020,West,97.16
5/1/2020,East,281.34
5/1/2020,East,307.98
5/1/2020,East,299.97
5/1/2020,South,67.8
5/1/2020,South,377.97
5/1/2020,South,1628.82
5/1/2020,South,286.93
5/1/2020,West,681.408
5/1/2020,West,3.52
5/1/2020,West,5.58
5/1/2020,West,36.32
5/1/2020,South,195.64
5/1/2020,Central,38.016
5/1/2020,Central,95.992
5/1/2020,Central,13.216
5/1/2020,South,314.352
5/1/2020,South,27.888
5/1/2020,West,133.12
5/1/2020,South,26.16
5/1/2020,Central,131.94
5/1/2020,Central,25.92
5/1/2020,Central,704.76
5/1/2020,Central,7.41
5/1/2020,Central,21.5
5/1/2020,West,518.272
5/1/2020,West,6.98
5/1/2020,West,343.2
5/1/2020,Central,41.28
5/1/2020,West,8.288
5/1/2020,West,1.123.128
5/1/2020,West,64.9
5/1/2020,East,520.05
5/1/2020,East,17.97
5/1/2020,Central,181.986
5/1/2020,Central,1.592
5/1/2020,Central,22.344
5/1/2020,West,68.46
5/1/2020,West,49.56
5/1/2020,West,9.84
5/1/2020,West,2.78
5/1/2020,West,171.288
5/1/2020,Central,1.824
5/1/2020,Central,18.32
5/1/2020,Central,48.816
5/1/2020,Central,1.188
5/1/2020,South,29.84
5/1/2020,East,663.92
5/1/2020,East,120
5/1/2020,East,3.29
5/1/2020,East,18.84
5/1/2020,Central,50.136
5/1/2020,South,208.44
5/1/2020,South,25.76
5/1/2020,South,23.08
5/1/2020,West,12.96
5/1/2020,South,58.34
5/1/2020,South,539.97
5/1/2020,South,25.92
5/1/2020,West,98.16
5/1/2020,West,31.44
5/1/2020,West,35
5/1/2020,West,477.15
5/1/2020,West,302.376
5/1/2020,Central,477.3
5/1/2020,South,27.192
5/1/2020,South,12.06
5/1/2020,South,301.96
5/1/2020,Central,54.368
5/1/2020,East,247.44
5/1/2020,Central,106.869
5/1/2020,Central,3.564
5/1/2020,West,195.96
5/1/2020,West,15.552
5/1/2020,West,271.968
5/1/2020,East,27.46
5/1/2020,East,125.13
5/1/2020,East,13.872
5/1/2020,East,115.96
5/1/2020,Central,25.92
5/1/2020,Central,53.424
5/1/2020,Central,65.424
5/1/2020,Central,23.55
5/1/2020,Central,43.41
5/1/2020,Central,6.24
5/1/2020,Central,465.16
5/1/2020,Central,7.98
5/1/2020,South,241.96
5/1/2020,South,3.89
5/1/2020,South,8.01
5/1/2020,West,156.792
5/1/2020,West,35.36
5/1/2020,West,13.592
5/1/2020,West,37.52
5/1/2020,Central,2.046.664
5/1/2020,West,35.1
6/1/2020,East,17.48
6/1/2020,East,3.798
6/1/2020,East,27.744
6/1/2020,East,158.376
6/1/2020,Central,53.9
6/1/2020,East,324.744
6/1/2020,Central,1925.88
6/1/2020,Central,2405.2
6/1/2020,Central,83.97
6/1/2020,Central,39.89
6/1/2020,Central,17.38
6/1/2020,East,2.97
6/1/2020,East,27.44
6/1/2020,West,25.344
6/1/2020,West,43.92
6/1/2020,South,25.344
6/1/2020,Central,10.688
6/1/2020,South,35.168
6/1/2020,West,1099.5
6/1/2020,West,44.75
6/1/2020,West,11.96
6/1/2020,West,3.912
6/1/2020,South,4.554
6/1/2020,South,5.2
6/1/2020,South,205.992
6/1/2020,South,15.552
6/1/2020,South,503.96
6/1/2020,South,24.472
6/1/2020,South,241.568
6/1/2020,South,110.4
6/1/2020,East,384.768
6/1/2020,East,78.66
6/1/2020,East,45.36
6/1/2020,West,136.26
6/1/2020,South,31.984
6/1/2020,South,71.984
6/1/2020,South,12.48
6/1/2020,Central,8.64
6/1/2020,Central,6.37
6/1/2020,South,108.08
6/1/2020,South,9.54
6/1/2020,Central,30.336
6/1/2020,Central,470.376
6/1/2020,South,20.736
6/1/2020,West,4.95
6/1/2020,West,26.4
6/1/2020,Central,1.624
6/1/2020,Central,23.76
6/1/2020,Central,85.056
6/1/2020,Central,381.576
6/1/2020,East,10.36
6/1/2020,Central,12.176
6/1/2020,West,1.497.666
6/1/2020,West,17.52
6/1/2020,West,89.544
6/1/2020,West,35.168
6/1/2020,West,72.588
6/1/2020,Central,23.976
6/1/2020,Central,108.925
6/1/2020,Central,36.352
6/1/2020,Central,720.76
6/1/2020,South,49.12
6/1/2020,West,29.6
6/1/2020,West,514.165
6/1/2020,West,279.96
6/1/2020,Central,132.52
6/1/2020,West,16.4
6/1/2020,East,40.032
6/1/2020,South,1347.52
6/1/2020,East,8.4
6/1/2020,West,88.776
6/1/2020,West,11.56
6/1/2020,West,15.58
6/1/2020,West,14.7
6/1/2020,East,14.13
6/1/2020,West,122.97
6/1/2020,West,280.792
6/1/2020,West,68.448
6/1/2020,West,88.04
6/1/2020,West,15.872
6/1/2020,West,215.592
6/1/2020,South,3.76
6/1/2020,West,37.94
6/1/2020,West,18.288
6/1/2020,West,385.8
6/1/2020,West,102.96
6/1/2020,West,174.42
6/1/2020,West,61.44
6/1/2020,South,4.572
6/1/2020,South,91.2
6/1/2020,South,452.94
6/1/2020,East,19.04
6/1/2020,East,13.128
6/1/2020,East,64.14
6/1/2020,East,858.24
6/1/2020,South,17.088
6/1/2020,East,63.92
6/1/2020,West,71.976
6/1/2020,West,19.44
6/1/2020,Central,8.856
6/1/2020,Central,164.736
6/1/2020,Central,470.302
6/1/2020,Central,47.984
6/1/2020,South,181.86
6/1/2020,West,291.136
6/1/2020,West,47.976
6/1/2020,Central,19.56
6/1/2020,West,4.26
6/1/2020,Central,44.4
6/1/2020,Central,84.55
6/1/2020,Central,17.94
6/1/2020,West,119.96
6/1/2020,South,239.976
6/1/2020,South,31.168
6/1/2020,South,120.96
6/1/2020,South,2.239.936
6/1/2020,South,76.608
6/1/2020,South,142.776
6/1/2020,South,91.36
6/1/2020,South,698.352
6/1/2020,South,77.728
6/1/2020,South,14.016
6/1/2020,South,301.96
6/1/2020,South,180.66
6/1/2020,South,191.98
6/1/2020,South,65.99
6/1/2020,West,1212.96
6/1/2020,West,18.54
6/1/2020,West,16.68
6/1/2020,West,19.44
6/1/2020,West,192.16
6/1/2020,Central,5.936
6/1/2020,East,479.952
6/1/2020,East,23.92
6/1/2020,West,51.312
6/1/2020,West,155.25
6/1/2020,West,14.03
6/1/2020,Central,12.224
6/1/2020,Central,2.304
6/1/2020,Central,9.36
6/1/2020,West,146.352
6/1/2020,East,3404.5
6/1/2020,East,101.34
6/1/2020,West,9.179.235
6/1/2020,West,38.88
6/1/2020,Central,74.352
6/1/2020,East,97.82
6/1/2020,East,103.12
6/1/2020,Central,11.184
6/1/2020,Central,153.584
6/1/2020,Central,2.264
6/1/2020,Central,444
6/1/2020,Central,146.176
6/1/2020,East,760.116
6/1/2020,East,38.784
6/1/2020,East,122.328
6/1/2020,Central,6.888
6/1/2020,Central,457.485
6/1/2020,East,129.3
6/1/2020,East,11.568
6/1/2020,West,50.32
6/1/2020,West,24.56
6/1/2020,East,239.97
6/1/2020,East,9.82
6/1/2020,East,149.95
6/1/2020,East,51.312
6/1/2020,East,31.104
6/1/2020,East,5.248
6/1/2020,South,4.464
6/1/2020,South,32.4
6/1/2020,South,503.96
6/1/2020,East,17.92
6/1/2020,East,41.256
6/1/2020,East,82.4
6/1/2020,East,6.24
6/1/2020,East,447.84
6/1/2020,South,37.608
6/1/2020,East,10.332
6/1/2020,East,31.155
6/1/2020,East,8.928
6/1/2020,Central,3.036
6/1/2020,Central,487.96
6/1/2020,East,21.744
6/1/2020,West,95.92
6/1/2020,West,385.6
6/1/2020,West,35.82
6/1/2020,East,276.69
6/1/2020,East,172.764
6/1/2020,Central,182.994
6/1/2020,Central,10.272
6/1/2020,West,2.88
6/1/2020,East,102.93
6/1/2020,West,71.04
6/1/2020,West,5.344
6/1/2020,West,11.304
6/1/2020,West,871.4
6/1/2020,Central,148.48
6/1/2020,East,400.784
6/1/2020,West,83.76
6/1/2020,Central,4.54
6/1/2020,Central,15.92
6/1/2020,Central,543.92
6/1/2020,Central,526.45
6/1/2020,West,431.928
6/1/2020,East,239.97
6/1/2020,East,358.2
6/1/2020,East,545.916
6/1/2020,South,13.872
6/1/2020,South,273.552
6/1/2020,East,272.94
6/1/2020,East,102.368
6/1/2020,East,28.4
6/1/2020,East,713.88
6/1/2020,East,68.52
6/1/2020,East,191.646
6/1/2020,Central,20.07
6/1/2020,West,19.44
6/1/2020,West,126.3
6/1/2020,West,1287.45
6/1/2020,West,1295.78
6/1/2020,Central,362.94
6/1/2020,Central,11.54
6/1/2020,West,312.552
6/1/2020,Central,5.184
6/1/2020,West,895.92
6/1/2020,West,130.71
6/1/2020,West,11.68
6/1/2020,West,62.31
6/1/2020,East,638.82
6/1/2020,East,30.69
6/1/2020,East,25.16
6/1/2020,Central,21.392
6/1/2020,Central,307.314
6/1/2020,Central,4.099.992
6/1/2020,West,75.792
6/1/2020,East,1044.63
6/1/2020,East,248.57
6/1/2020,East,22.23
6/1/2020,Central,1.001.584
6/1/2020,Central,569.058
6/1/2020,Central,14.224
6/1/2020,South,19.52
6/1/2020,West,435.999
6/1/2020,West,204.95
6/1/2020,East,1085.42
6/1/2020,Central,443.92
6/1/2020,Central,169.99
6/1/2020,Central,25.92
6/1/2020,Central,163.96
6/1/2020,Central,5.232
6/1/2020,South,23.99
6/1/2020,South,287.97
6/1/2020,South,9.552
6/1/2020,Central,167.968
6/1/2020,Central,273.896
6/1/2020,Central,597.132
6/1/2020,West,545.85
6/1/2020,East,32.896
6/1/2020,East,215.148
6/1/2020,East,30.96
6/1/2020,West,59.98
6/1/2020,West,2395.2
6/1/2020,West,1687.8
6/1/2020,West,7.992
6/1/2020,East,258.9
6/1/2020,East,24.56
6/1/2020,West,129.39
6/1/2020,West,87.92
6/1/2020,South,24
6/1/2020,East,102.3
6/1/2020,Central,332.028
6/1/2020,Central,11.394
6/1/2020,Central,15.552
6/1/2020,Central,31.104
6/1/2020,Central,6.316
6/1/2020,Central,79.96
6/1/2020,East,2.946
6/1/2020,East,16.056
6/1/2020,South,239.24
6/1/2020,West,122.136
6/1/2020,East,17.472
7/7/2020,East,252
7/7/2020,East,87.21
7/7/2020,East,15.552
7/7/2020,East,683.988
7/7/2020,East,13.392
7/7/2020,East,16.776
7/7/2020,East,527.92
7/7/2020,West,5.94
7/7/2020,East,7.56
7/7/2020,East,24.56
7/7/2020,East,12.96
7/7/2020,West,145.9
7/7/2020,West,198.46
7/7/2020,West,786.48
7/7/2020,West,23.168
7/7/2020,West,50
7/7/2020,West,75.18
7/7/2020,West,15.84
7/7/2020,West,86.376
7/7/2020,West,18.24
7/7/2020,West,13.12
7/7/2020,East,83.92
7/7/2020,East,141.9
7/7/2020,East,39.98
7/7/2020,East,28.91
7/7/2020,East,174.95
7/7/2020,West,52.76
7/7/2020,West,1.08
7/7/2020,Central,8.84
7/7/2020,Central,58.464
7/7/2020,Central,228.92
7/7/2020,Central,526.45
7/7/2020,East,274.8
7/7/2020,East,195.64
7/7/2020,East,257.98
7/7/2020,East,119.04
7/7/2020,South,18.84
7/7/2020,Central,298.464
7/7/2020,South,41.91
7/7/2020,West,8.67
7/7/2020,East,132.6
7/7/2020,Central,30.32
7/7/2020,West,1287.45
7/7/2020,West,168.1
7/7/2020,West,71.952
7/7/2020,West,29.8
7/7/2020,East,3.816
7/7/2020,East,39.594
7/7/2020,East,91.008
7/7/2020,Central,360.38
7/7/2020,Central,13.56
7/7/2020,West,4.448
7/7/2020,West,276.69
7/7/2020,West,4.96
7/7/2020,West,71.92
7/7/2020,West,18.84
7/7/2020,West,140.97
7/7/2020,West,470.376
7/7/2020,East,9.248
7/7/2020,East,1.889.946
7/7/2020,East,62.04
7/7/2020,East,396.92
7/7/2020,East,239.456
7/7/2020,East,13.12
7/7/2020,East,26.55
7/7/2020,East,310.443
7/7/2020,East,6.56
7/7/2020,East,7.83
7/7/2020,East,41.9
7/7/2020,East,664.146
7/7/2020,East,8.96
7/7/2020,South,179.94
7/7/2020,South,872.94
7/7/2020,South,12.96
7/7/2020,East,71.372
7/7/2020,Central,2.912
7/7/2020,South,242.352
7/7/2020,South,7.904
7/7/2020,East,269.98
7/7/2020,East,99.9
7/7/2020,East,39.08
7/7/2020,West,479.984
7/7/2020,West,32.4
7/7/2020,West,57.9
7/7/2020,West,10.56
7/7/2020,West,1.194.165
7/7/2020,West,801.6
7/7/2020,West,161.568
7/7/2020,West,16.096
7/7/2020,West,7.656
7/7/2020,West,311.976
7/7/2020,East,599.97
7/7/2020,East,198.744
7/7/2020,East,9.184
7/7/2020,Central,69.712
7/7/2020,Central,8.792
7/7/2020,Central,14.62
7/7/2020,Central,416.32
7/7/2020,Central,43
7/7/2020,Central,182.94
7/7/2020,Central,60.83
7/7/2020,Central,389.97
7/7/2020,Central,735.98
7/7/2020,East,13.36
7/7/2020,East,163.764
7/7/2020,East,183.92
7/7/2020,East,6.48
7/7/2020,West,71.928
7/7/2020,West,25.99
7/7/2020,East,33.93
7/7/2020,East,222.32
7/7/2020,East,210.564
7/7/2020,South,101.94
7/7/2020,South,271.96
7/7/2020,South,8.8
7/7/2020,South,19.68
7/7/2020,South,302.94
7/7/2020,South,14.94
7/7/2020,South,231.72
7/7/2020,West,16.34
7/7/2020,West,225.296
7/7/2020,West,50.352
7/7/2020,East,17.48
7/7/2020,West,3.52
7/7/2020,West,1.626.192
7/7/2020,Central,124.404
7/7/2020,Central,2.864
7/7/2020,Central,94.192
7/7/2020,Central,2.112
7/7/2020,East,29.97
7/7/2020,Central,526.344
7/7/2020,East,13.128
7/7/2020,Central,11.68
7/7/2020,Central,159.75
7/7/2020,East,41.4
7/7/2020,East,13.92
7/7/2020,Central,63.312
7/7/2020,Central,399.95
7/7/2020,West,15.192
7/7/2020,West,58.32
7/7/2020,Central,121.536
7/7/2020,West,2399.96
7/7/2020,Central,20.23
7/7/2020,East,3.304
7/7/2020,East,20.096
7/7/2020,East,37.752
7/7/2020,East,138.588
7/7/2020,East,259.92
7/7/2020,East,20.736
7/7/2020,Central,298.116
7/7/2020,West,1649.95
7/7/2020,West,362.352
7/7/2020,South,91.032
7/7/2020,East,14.89
7/7/2020,East,543.92
7/7/2020,West,23.88
7/7/2020,West,26.2
7/7/2020,West,12.96
7/7/2020,West,234.95
7/7/2020,South,194.848
7/7/2020,West,9.984
7/7/2020,West,14.98
7/7/2020,West,1145.6
7/7/2020,South,34.848
7/7/2020,South,22
7/7/2020,South,4.368
7/7/2020,West,90.57
7/7/2020,Central,2.896
7/7/2020,Central,124.792
7/7/2020,East,60.12
7/7/2020,Central,33.48
7/7/2020,Central,461.97
7/7/2020,Central,137.62
7/7/2020,Central,302.67
7/7/2020,West,115.96
7/7/2020,West,330.4
7/7/2020,West,26.25
7/7/2020,East,76.776
7/7/2020,East,89.95
7/7/2020,East,54.816
7/7/2020,South,41.424
7/7/2020,Central,36.792
7/7/2020,West,56.56
7/7/2020,West,36.96
7/7/2020,Central,17.52
7/7/2020,Central,155.88
7/7/2020,East,285.576
7/7/2020,East,11.54
7/7/2020,East,849.95
7/7/2020,East,11.01
8/20/2020,Central,95.984
8/20/2020,South,271.96
8/20/2020,Central,1.439.982
8/20/2020,Central,36.288
8/20/2020,West,54.896
8/20/2020,West,186.54
8/20/2020,Central,183.372
8/20/2020,West,51.75
8/20/2020,West,123.96
8/20/2020,West,99.87
8/20/2020,Central,39.816
8/20/2020,West,16.06
8/20/2020,East,16.52
8/20/2020,West,7.968
8/20/2020,West,8.784
8/20/2020,Central,3.318
8/20/2020,South,13.76
8/20/2020,Central,151.056
8/20/2020,Central,125.88
8/20/2020,Central,79.78
8/20/2020,Central,133.2
8/20/2020,South,145.74
8/20/2020,South,15.4
8/20/2020,Central,115.296
8/20/2020,East,824.95
8/20/2020,East,24.64
8/20/2020,East,227.88
8/20/2020,East,70.12
8/20/2020,South,79.992
8/20/2020,East,11.68
8/20/2020,East,104.8
8/20/2020,West,159.96
8/20/2020,West,13.76
8/20/2020,Central,63.96
8/20/2020,West,244.55
8/20/2020,Central,119.448
8/20/2020,Central,118.16
8/20/2020,West,707.88
8/20/2020,West,11.952
8/20/2020,West,31.128
8/20/2020,West,55.76
8/20/2020,West,24.56
8/20/2020,West,51.75
8/20/2020,West,207.184
8/20/2020,West,1473.1
8/20/2020,Central,70.08
8/20/2020,Central,121.3
8/20/2020,Central,1454.49
8/20/2020,Central,177.2
8/20/2020,Central,29.664
8/20/2020,Central,9.184
8/20/2020,Central,153.584
8/20/2020,Central,12.864
8/20/2020,South,477.51
8/20/2020,East,25.92
8/20/2020,South,20.736
8/20/2020,West,542.94
8/20/2020,West,54.92
8/20/2020,East,17.52
8/20/2020,East,1779.9
8/20/2020,East,219.9
8/20/2020,West,299.99
8/20/2020,West,192.16
8/20/2020,West,242.624
8/20/2020,West,46.74
8/20/2020,West,174.95
8/20/2020,West,100.704
8/20/2020,West,31.44
8/20/2020,West,83.79
8/20/2020,West,59.52
8/20/2020,West,31.92
8/20/2020,East,17.544
8/20/2020,West,36.024
8/20/2020,South,272.048
8/20/2020,South,1.614.582
8/20/2020,South,24.32
8/20/2020,South,1.584
8/20/2020,South,31.984
8/20/2020,South,14.76
8/20/2020,South,423.648
8/20/2020,West,5.76
8/20/2020,West,16.68
8/20/2020,West,418.296
8/20/2020,East,97.84
8/20/2020,East,1.801.632
8/20/2020,Central,50.4
8/20/2020,South,13.428
8/20/2020,South,67.136
8/20/2020,East,895.92
8/20/2020,East,462.564
8/20/2020,South,102.93
8/20/2020,South,98.16
8/20/2020,Central,5.552
8/20/2020,Central,8.016
8/20/2020,Central,74.592
8/20/2020,Central,16.784
8/20/2020,Central,38.864
8/20/2020,East,4.416.174
8/20/2020,West,23.36
8/20/2020,West,71.976
8/20/2020,West,8.56
8/20/2020,West,13.92
8/20/2020,West,2518.29
8/20/2020,West,540.57
8/20/2020,West,221.056
8/20/2020,East,40.48
8/20/2020,East,9.94
8/20/2020,East,107.424
8/20/2020,East,37.91
8/20/2020,East,88.02
8/20/2020,Central,200.064
8/20/2020,Central,21.38
8/20/2020,Central,6.744
8/20/2020,West,323.1
8/20/2020,West,843.9
8/20/2020,West,1496.16
8/20/2020,West,2.793.528
8/20/2020,West,1000.02
8/20/2020,West,65.94
8/20/2020,East,9.912
8/20/2020,East,10.782
8/20/2020,East,23.18
8/20/2020,East,387.99
8/20/2020,Central,2.296
8/20/2020,East,19.44
8/20/2020,West,102.72
8/20/2020,West,239.12
8/20/2020,East,40.29
8/20/2020,West,17.22
8/20/2020,West,226.56
8/20/2020,West,107.88
8/20/2020,West,25.92
8/20/2020,South,35.96
8/20/2020,South,866.4
8/20/2020,Central,35
8/20/2020,Central,37.24
8/20/2020,Central,15.28
8/20/2020,West,17.12
8/20/2020,West,431.968
8/20/2020,West,129.92
8/20/2020,West,568.728
8/20/2020,West,117.144
8/20/2020,West,203.52
8/20/2020,West,51.75
8/20/2020,East,277.4
8/20/2020,East,25.16
8/20/2020,East,91.92
8/20/2020,West,83.88
8/20/2020,West,388.704
8/20/2020,West,572.58
8/20/2020,West,33.18
8/20/2020,East,32.088
8/20/2020,East,4.305.552
8/20/2020,West,237.096
8/20/2020,West,22.752
8/20/2020,West,6.672
8/20/2020,West,210.008
8/20/2020,East,314.532
8/20/2020,South,4.367.896
8/20/2020,South,49.568
8/20/2020,South,161.376
8/20/2020,South,2.784
8/20/2020,South,8.72
8/20/2020,East,24.672
8/20/2020,East,3.744
8/20/2020,East,646.272
8/20/2020,East,10.368
8/20/2020,South,192.16
8/20/2020,South,9.728
8/20/2020,South,3.424
8/20/2020,East,25.696
8/20/2020,East,130.98
8/20/2020,South,71.98
8/20/2020,Central,64.96
8/20/2020,Central,53.72
8/20/2020,East,1.488.424
8/20/2020,East,63.84
8/20/2020,East,347.97
8/20/2020,East,37.008
8/20/2020,Central,5.952
8/20/2020,South,2.896
8/20/2020,West,198.46
8/20/2020,West,321.92
8/20/2020,West,879.984
8/20/2020,West,28.4
8/20/2020,West,230.28
8/20/2020,West,116.28
8/20/2020,West,841.568
8/20/2020,West,354.9
8/20/2020,South,5.184
8/20/2020,South,14.336
8/20/2020,East,12.672
8/20/2020,East,1.119.888
8/20/2020,West,120.576
8/20/2020,West,35.168
8/20/2020,West,1137.75
8/20/2020,West,99.68
8/20/2020,West,5.56
8/20/2020,Central,25.344
8/20/2020,Central,26.72
8/20/2020,Central,21.81
8/20/2020,Central,91.6
8/20/2020,Central,47.36
8/20/2020,Central,27.44
8/20/2020,Central,3.24
8/20/2020,East,9.408
8/20/2020,West,148.02
8/20/2020,West,10.744
8/20/2020,West,8.376
8/20/2020,South,229.544
8/20/2020,Central,638.73
8/20/2020,West,6.672
8/20/2020,West,689.408
8/20/2020,South,659.9
8/20/2020,West,569.568
8/20/2020,West,149.73
8/20/2020,West,6.208
8/20/2020,West,193.95
9/1/2020,East,114.9
9/1/2020,West,19.99
9/1/2020,West,22.92
9/1/2020,West,7.58
9/1/2020,Central,498.26
9/1/2020,West,314.6
9/1/2020,West,283.56
9/1/2020,East,15.072
9/1/2020,Central,1199.8
9/1/2020,Central,1928.78
9/1/2020,Central,352.38
9/1/2020,East,12.192
9/1/2020,West,6.57
9/1/2020,East,23.1
9/1/2020,East,11.54
9/1/2020,East,254.526
9/1/2020,East,12.98
9/1/2020,East,26.432
9/1/2020,East,197.97
9/1/2020,East,18.9
9/1/2020,East,1282.41
9/1/2020,East,4.92
9/1/2020,East,238
9/1/2020,East,167.97
9/1/2020,East,17.12
9/1/2020,West,9.4
9/1/2020,West,74
9/1/2020,West,201.584
9/1/2020,East,10.9
9/1/2020,East,79.92
9/1/2020,East,146.82
9/1/2020,Central,16
9/1/2020,Central,5.588
9/1/2020,Central,235.92
9/1/2020,Central,40.68
9/1/2020,West,18.72
9/1/2020,West,236.528
9/1/2020,West,215.976
9/1/2020,South,1577.94
9/1/2020,West,11.696
9/1/2020,West,43.1
9/1/2020,West,511.5
9/1/2020,West,147.92
9/1/2020,Central,42.616
9/1/2020,South,24.448
9/1/2020,West,5.96
9/1/2020,West,82.56
9/1/2020,West,284.97
9/1/2020,East,419.4
9/1/2020,East,90.801
9/1/2020,East,181.764
9/1/2020,East,5.56
9/1/2020,West,239.666
9/1/2020,Central,108.4
9/1/2020,Central,8.904
9/1/2020,Central,100.8
9/1/2020,Central,10.192
9/1/2020,Central,16.784
9/1/2020,Central,13.12
9/1/2020,East,91.96
9/1/2020,West,1.322.352
9/1/2020,West,12.96
9/1/2020,West,43.176
9/1/2020,Central,825.174
9/1/2020,Central,17.76
9/1/2020,Central,6.912
9/1/2020,East,8.256
9/1/2020,East,25.56
9/1/2020,East,4.368
9/1/2020,East,11.52
9/1/2020,West,487.984
9/1/2020,West,5.56
9/1/2020,West,217.85
9/1/2020,East,19.04
9/1/2020,West,54.32
9/1/2020,West,13.344
9/1/2020,West,1.478.272
9/1/2020,East,14.82
9/1/2020,West,421.1
9/1/2020,South,97.184
9/1/2020,South,10.368
9/1/2020,Central,30.384
9/1/2020,West,11.808
9/1/2020,West,88.074
9/1/2020,West,2.78
9/1/2020,South,147.184
9/1/2020,South,89.568
9/1/2020,South,71.96
9/1/2020,South,15.552
9/1/2020,West,47.94
9/1/2020,West,37.68
9/1/2020,West,279.944
9/1/2020,East,478.08
9/1/2020,Central,73.008
9/1/2020,Central,1577.94
9/1/2020,West,7.857
9/1/2020,East,29.24
9/1/2020,East,15.552
9/1/2020,East,4.896
9/1/2020,Central,13.48
9/1/2020,West,25.16
9/1/2020,West,126.56
9/1/2020,West,19.76
9/1/2020,Central,113.52
9/1/2020,Central,135.3
9/1/2020,West,161.568
9/1/2020,South,81.568
9/1/2020,West,80.96
9/1/2020,West,455.712
9/1/2020,West,25.98
9/1/2020,East,16.9
9/1/2020,East,39.96
9/1/2020,Central,765.625
9/1/2020,East,258.528
9/1/2020,East,9.096
9/1/2020,East,116.832
9/1/2020,Central,85.2
9/1/2020,Central,42.616
9/1/2020,Central,319.984
9/1/2020,Central,45.92
9/1/2020,Central,21.184
9/1/2020,Central,20.736
9/1/2020,Central,213.43
9/1/2020,South,61.68
9/1/2020,South,158.376
9/1/2020,East,65.12
9/1/2020,East,141.372
9/1/2020,East,3.036
9/1/2020,East,4.503
9/1/2020,East,4.672
9/1/2020,East,95.88
9/1/2020,East,17.024
9/1/2020,East,258.696
9/1/2020,East,1.931.958
9/1/2020,South,628.81
9/1/2020,South,56.45
9/1/2020,South,8.832
9/1/2020,South,177.536
9/1/2020,South,258.48
9/1/2020,South,14.136
9/1/2020,Central,17.48
9/1/2020,West,6.368
9/1/2020,West,6.56
9/1/2020,West,243.92
9/1/2020,West,47.52
9/1/2020,West,99.87
9/1/2020,Central,9.856
9/1/2020,East,25.92
9/1/2020,East,66.112
9/1/2020,West,159.96
9/1/2020,West,31.104
9/1/2020,West,11.176
9/1/2020,East,17.712
9/1/2020,East,4.86
9/1/2020,East,6.258
9/1/2020,Central,147.168
9/1/2020,West,362.352
9/1/2020,West,7.184
9/1/2020,Central,16.2
9/1/2020,Central,33.99
9/1/2020,Central,296.85
9/1/2020,Central,112.8
9/1/2020,Central,13.71
9/1/2020,Central,24.9
9/1/2020,Central,286.29
9/1/2020,Central,24.18
9/1/2020,Central,762.594
9/1/2020,East,18.76
9/1/2020,East,14.88
9/1/2020,East,85.056
9/1/2020,South,2.78
9/1/2020,East,37.056
9/1/2020,East,259.896
9/1/2020,South,34.504
9/1/2020,South,184.66
9/1/2020,West,12.96
9/1/2020,West,22.18
9/1/2020,West,2.054.272
9/1/2020,Central,10.528
9/1/2020,Central,20.544
9/1/2020,West,32.36
9/1/2020,West,406.6
9/1/2020,West,177.568
9/1/2020,West,19.44
9/1/2020,West,71.28
9/1/2020,West,1471.96
9/1/2020,West,79.96
9/1/2020,Central,10.272
9/1/2020,Central,512.19
9/1/2020,Central,1.556
9/1/2020,West,143.952
9/1/2020,West,19.44
9/1/2020,South,67.9
9/1/2020,South,195.68
9/1/2020,South,14.2
9/1/2020,West,8.36
9/1/2020,East,39.9
9/1/2020,East,90.86
9/1/2020,East,94.85
9/1/2020,East,45.36
9/1/2020,East,45.78
9/1/2020,West,166.44
9/1/2020,South,15.92
9/1/2020,Central,19.05
9/1/2020,East,70.95
9/1/2020,West,56.7
9/1/2020,East,3.882
9/1/2020,East,12.585
9/1/2020,East,113.372
9/1/2020,East,18.312
9/1/2020,East,127.936
9/1/2020,East,241.17
9/1/2020,South,942.784
9/1/2020,South,74.352
9/1/2020,East,1079.85
9/1/2020,East,70.98
9/1/2020,East,29.95
9/1/2020,East,589.41
9/1/2020,East,8.56
9/1/2020,East,11.56
9/1/2020,East,895.944
9/1/2020,Central,31.872
9/1/2020,East,35.56
9/1/2020,Central,323.976
9/1/2020,East,39.99
9/1/2020,East,16.28
9/1/2020,East,782.94
9/1/2020,East,242.48
9/1/2020,West,2.357.488
9/1/2020,West,369.544
9/1/2020,West,184.752
9/1/2020,South,163.96
9/1/2020,West,218.352
9/1/2020,West,529.9
9/1/2020,West,99.3
9/1/2020,West,108.96
9/1/2020,West,2.688
9/1/2020,East,47.4
9/1/2020,East,512.96
9/1/2020,East,395.94
9/1/2020,East,81.96
9/1/2020,Central,31.744
9/1/2020,West,12.42
9/1/2020,East,38.62
9/1/2020,East,59.98
9/1/2020,West,295.056
9/1/2020,West,300.904
9/1/2020,West,8.82
9/1/2020,West,5.98
9/1/2020,Central,17.568
9/1/2020,Central,55.992
9/1/2020,East,20.736
9/1/2020,East,71.976
9/1/2020,East,22.512
9/1/2020,East,3.444
9/1/2020,East,538.194
9/1/2020,East,47.984
9/1/2020,East,20.544
9/1/2020,West,17.9
9/1/2020,South,18
9/1/2020,West,12.96
9/1/2020,South,723.92
9/1/2020,South,106.32
9/1/2020,West,10.776
9/1/2020,West,11.784
9/1/2020,West,164.88
9/1/2020,West,1292.94
9/1/2020,West,25.584
9/1/2020,West,261.74
9/1/2020,West,14.4
9/1/2020,Central,9.912
9/1/2020,Central,318.43
9/1/2020,Central,5.8
9/1/2020,Central,1415.76
9/1/2020,East,480
9/1/2020,East,34.05
9/1/2020,West,89.97
9/1/2020,West,8.82
9/1/2020,West,10.86
9/1/2020,West,143.7
9/1/2020,Central,22.72
9/1/2020,Central,8.928
9/1/2020,Central,47.584
9/1/2020,East,19.44
9/1/2020,East,9.82
9/1/2020,Central,15.96
9/1/2020,West,10.08
9/1/2020,West,101.34
9/1/2020,South,95.68
9/1/2020,South,50.96
9/1/2020,South,113.94
9/1/2020,South,25.92
9/1/2020,South,20.32
9/1/2020,South,411.98
9/1/2020,South,34.48
9/1/2020,South,244.55
9/1/2020,Central,114.848
9/1/2020,South,95.616
9/1/2020,West,191.976
9/1/2020,West,23.832
9/1/2020,West,409.216
9/1/2020,West,72.588
9/1/2020,East,32.4
9/1/2020,West,149.95
9/1/2020,West,23.32
9/1/2020,West,16.74
9/1/2020,South,35.4
9/1/2020,West,12.624
9/1/2020,West,89.584
9/1/2020,West,471.92
9/1/2020,West,18.18
9/1/2020,East,4.842
9/1/2020,East,272.646
9/1/2020,East,212.8
9/1/2020,East,38.52
9/1/2020,East,72.64
9/1/2020,East,45.4
9/1/2020,East,13.76
9/1/2020,East,80.991
9/1/2020,East,11.784
9/1/2020,East,4.36
9/1/2020,East,2.888.127
9/1/2020,East,1299.66
9/1/2020,East,2254.41
9/1/2020,East,104.85
9/1/2020,East,59.97
9/1/2020,Central,20.16
9/1/2020,South,80.48
9/1/2020,East,1.908
9/1/2020,West,71.98
9/1/2020,West,79.98
9/1/2020,South,12.294
9/1/2020,West,15.51
9/1/2020,West,55.86
9/1/2020,Central,219.84
9/1/2020,Central,98.16
9/1/2020,Central,33.04
9/1/2020,Central,86.97
9/1/2020,East,5.607
9/1/2020,East,4.663.736
9/1/2020,East,79.984
9/1/2020,Central,241.96
9/1/2020,Central,27.72
9/1/2020,Central,13.392
9/1/2020,Central,11.228
9/1/2020,South,691.96
9/1/2020,South,34.95
9/1/2020,West,27.18
9/1/2020,East,391.98
9/1/2020,East,67.4
9/1/2020,East,40.176
9/1/2020,South,12.96
9/1/2020,South,17.94
9/1/2020,West,21.96
9/1/2020,East,1071
9/1/2020,East,12.07
9/1/2020,West,119.96
9/1/2020,West,31.44
9/1/2020,West,6.88
9/1/2020,West,29.328
9/1/2020,Central,291.96
9/1/2020,West,14.352
9/1/2020,West,180.588
9/1/2020,West,47.984
9/1/2020,West,25.824
9/1/2020,West,160.96
9/1/2020,South,251.64
9/1/2020,Central,73.176
9/1/2020,Central,20.736
9/1/2020,Central,39.984
9/1/2020,South,199.95
9/1/2020,South,12.96
9/1/2020,West,211.04
9/1/2020,West,594.816
9/1/2020,West,72.96
9/1/2020,Central,9.248
9/1/2020,South,17.88
9/1/2020,South,235.944
9/1/2020,East,103.056
9/1/2020,Central,72
9/1/2020,Central,655.9
9/1/2020,Central,603.92
9/1/2020,East,1.169.694
9/1/2020,South,40.29
9/1/2020,South,38.71
9/1/2020,East,391.98
9/1/2020,East,437.85
9/1/2020,West,859.2
9/1/2020,West,506.28
9/1/2020,South,383.96
9/1/2020,South,15.57
9/1/2020,West,199.8
9/1/2020,South,15.51
9/1/2020,South,89.9
9/1/2020,South,14.28
9/1/2020,South,12.72
9/1/2020,South,15.75
9/1/2020,Central,520.464
9/1/2020,Central,11.424
9/1/2020,West,31.08
9/1/2020,West,7.3
9/1/2020,East,20.7
9/1/2020,East,488.646
9/1/2020,East,5.56
9/1/2020,East,47.12
9/1/2020,Central,8.26
9/1/2020,Central,269.97
9/1/2020,East,119.96
9/1/2020,East,10.608
9/1/2020,West,39.9
9/1/2020,South,177.55
9/1/2020,East,8.595
9/1/2020,East,190.896
9/1/2020,East,24.448
9/1/2020,South,419.136
9/1/2020,West,71.88
9/1/2020,West,9.24
9/1/2020,West,35.88
9/1/2020,West,17.04
9/1/2020,West,931.176
9/1/2020,West,2.224
9/1/2020,Central,1.744
9/1/2020,West,32.776
9/1/2020,West,147.184
9/1/2020,West,54.384
9/1/2020,West,76.776
9/1/2020,West,14.352
9/1/2020,West,209.792
9/1/2020,West,9.24
9/1/2020,South,10.368
9/1/2020,East,2.655
9/1/2020,Central,7.968
9/1/2020,Central,27.968
9/1/2020,Central,336.51
9/1/2020,East,63.686
9/1/2020,East,239.976
9/1/2020,East,344.22
9/1/2020,East,15.552
9/1/2020,East,21.248
9/1/2020,East,8.448
9/1/2020,South,243.92
9/1/2020,East,23.34
9/1/2020,East,51.55
9/1/2020,West,35
9/1/2020,West,72.784
9/1/2020,West,97.84
9/1/2020,West,51.75
9/1/2020,West,46.672
9/1/2020,East,51.168
9/1/2020,West,99.2
9/1/2020,East,7.98
9/1/2020,West,97.3
9/1/2020,West,11.76
9/1/2020,West,167.94
9/1/2020,West,3.89
9/1/2020,East,164.88
9/1/2020,West,159.98
9/1/2020,East,20.664
9/1/2020,Central,11.646
10/1/2020,Central,6.672
10/1/2020,West,91.84
10/1/2020,West,81.088
10/1/2020,West,19.44
10/1/2020,West,451.152
10/1/2020,West,1.44
10/1/2020,West,61.776
10/1/2020,West,241.96
10/1/2020,West,108.608
10/1/2020,East,1704.89
10/1/2020,Central,104.85
10/1/2020,West,104.75
10/1/2020,Central,58.05
10/1/2020,Central,157.74
10/1/2020,Central,56.98
10/1/2020,Central,2.88
10/1/2020,East,49.12
10/1/2020,East,65.99
10/1/2020,West,8.94
10/1/2020,West,84.784
10/1/2020,West,112.12
10/1/2020,West,1575.14
10/1/2020,South,11.808
10/1/2020,South,9.656
10/1/2020,South,20.736
10/1/2020,South,27.36
10/1/2020,South,2.314.116
10/1/2020,South,34.236
10/1/2020,South,19.76
10/1/2020,South,10.16
10/1/2020,West,217.764
10/1/2020,West,39.072
10/1/2020,West,22.638
10/1/2020,West,95.144
10/1/2020,West,17.46
10/1/2020,West,369.16
10/1/2020,Central,15.224
10/1/2020,Central,21.984
10/1/2020,Central,1793.98
10/1/2020,East,22.58
10/1/2020,West,171.288
10/1/2020,South,15.552
10/1/2020,South,17.92
10/1/2020,East,83.92
10/1/2020,East,6.63
10/1/2020,East,371.97
10/1/2020,Central,20.64
10/1/2020,East,19.98
10/1/2020,East,160.93
10/1/2020,East,75.792
10/1/2020,West,39.92
10/1/2020,West,61.96
10/1/2020,West,19.936
10/1/2020,East,87.8
10/1/2020,East,221.382
10/1/2020,East,5199.96
10/1/2020,West,63.824
10/1/2020,West,435.168
10/1/2020,West,14.9
10/1/2020,West,15.8
10/1/2020,West,72.9
10/1/2020,West,206.352
10/1/2020,West,7.992
10/1/2020,West,41.96
10/1/2020,West,227.84
10/1/2020,West,37.94
10/1/2020,East,319.96
10/1/2020,East,17.04
10/1/2020,East,344.91
10/1/2020,East,40.99
10/1/2020,East,143.7
10/1/2020,East,6.48
10/1/2020,Central,290.336
10/1/2020,Central,19.152
10/1/2020,West,9.344
10/1/2020,West,307.666
10/1/2020,West,1115.91
10/1/2020,West,128.744
10/1/2020,West,79.92
10/1/2020,South,580.672
10/1/2020,South,18.936
10/1/2020,South,222.384
10/1/2020,South,50.454
10/1/2020,South,154.764
10/1/2020,Central,4.24
10/1/2020,Central,85.52
10/1/2020,West,103.192
10/1/2020,West,36
10/1/2020,West,239.96
10/1/2020,West,40.68
10/1/2020,East,42.76
10/1/2020,East,145.764
10/1/2020,South,10.816
10/1/2020,Central,652.45
10/1/2020,Central,66.645
10/1/2020,East,45.888
10/1/2020,East,12.816
10/1/2020,East,314.352
10/1/2020,East,18.98
10/1/2020,East,18.24
10/1/2020,Central,67.144
10/1/2020,Central,254.058
10/1/2020,West,35.2
10/1/2020,Central,239.358
10/1/2020,Central,254.604
10/1/2020,South,7.968
10/1/2020,West,595
10/1/2020,West,79.872
10/1/2020,West,0.99
10/1/2020,West,101.84
10/1/2020,West,435.84
10/1/2020,West,5.88
10/1/2020,Central,39.984
10/1/2020,East,45
10/1/2020,East,17.9
10/1/2020,East,40.48
10/1/2020,East,2154.9
10/1/2020,Central,369.544
10/1/2020,Central,10.368
10/1/2020,Central,791.88
10/1/2020,East,673.344
10/1/2020,East,9.96
10/1/2020,East,11.648
10/1/2020,East,18.176
10/1/2020,East,59.712
10/1/2020,East,24.84
10/1/2020,East,904.9
10/1/2020,Central,63.312
10/1/2020,Central,96.784
10/1/2020,Central,10.476
10/1/2020,West,209.94
10/1/2020,West,31.984
10/1/2020,West,5083.96
10/1/2020,South,348.56
10/1/2020,South,11.07
10/1/2020,South,1504.52
10/1/2020,South,25.92
10/1/2020,East,37.66
10/1/2020,West,9.46
10/1/2020,Central,27.396
10/1/2020,Central,13.456
10/1/2020,West,46.36
10/1/2020,West,87.92
10/1/2020,West,510.24
10/1/2020,West,204.95
10/1/2020,East,13.05
10/1/2020,West,152.65
10/1/2020,West,22.72
10/1/2020,West,14.73
10/1/2020,West,11.68
10/1/2020,South,124.75
10/1/2020,East,547.3
10/1/2020,West,307.776
10/1/2020,West,599.985
10/1/2020,South,18.528
10/1/2020,South,1.875.258
10/1/2020,East,49.96
10/1/2020,East,12.96
10/1/2020,West,10.64
10/1/2020,West,52.792
10/1/2020,Central,29.472
10/1/2020,East,56.56
10/1/2020,East,32.7
10/1/2020,East,123.256
10/1/2020,East,23.68
10/1/2020,East,309.576
10/1/2020,Central,16.68
10/1/2020,South,1.633.188
10/1/2020,West,8.96
10/1/2020,West,31.5
10/1/2020,West,30.56
10/1/2020,West,24.368
10/1/2020,Central,91.275
10/1/2020,Central,2.072
10/1/2020,Central,3.283.992
10/1/2020,West,39.624
10/1/2020,East,284.364
10/1/2020,East,665.408
10/1/2020,South,13.36
10/1/2020,South,39.96
10/1/2020,South,145.85
10/1/2020,West,3.75
10/1/2020,West,20.928
10/1/2020,East,45.528
10/1/2020,East,24.55
10/1/2020,South,4.768
10/1/2020,South,6.672
10/1/2020,South,4.448
10/1/2020,South,43.936
10/1/2020,South,15.984
10/1/2020,South,14.352
10/1/2020,South,683.952
10/1/2020,South,45.696
10/1/2020,Central,1439.92
10/1/2020,Central,262.11
10/1/2020,West,5.184
10/1/2020,West,478.48
10/1/2020,West,28.4
10/1/2020,Central,909.12
10/1/2020,South,17.856
10/1/2020,Central,23.992
10/1/2020,West,8.559
10/1/2020,East,161.568
10/1/2020,East,4.064
10/1/2020,East,6.216
10/1/2020,East,329.988
10/1/2020,East,71.376
10/1/2020,Central,38.82
10/1/2020,Central,21.9
10/1/2020,East,11199.97
10/1/2020,East,2399.6
10/1/2020,East,63.9
10/1/2020,East,52.99
10/1/2020,West,177.225
10/1/2020,Central,333.09
10/1/2020,Central,248.98
10/1/2020,Central,36.44
10/1/2020,West,3.168
10/1/2020,West,579.136
10/1/2020,East,32.7
10/1/2020,East,31.68
10/1/2020,South,863.88
10/1/2020,East,11.56
10/1/2020,East,26.4
10/1/2020,East,69.08
10/1/2020,East,35.88
10/1/2020,Central,3.564
10/1/2020,Central,823.96
10/1/2020,Central,10.272
10/1/2020,Central,9.762
10/1/2020,Central,13.72
10/1/2020,Central,55.2
10/1/2020,Central,259.136
10/1/2020,East,240.744
10/1/2020,East,35
10/1/2020,East,210.68
10/1/2020,East,637.896
10/1/2020,East,43.44
10/1/2020,East,2.22
10/1/2020,Central,517.405
10/1/2020,South,11.68
10/1/2020,Central,19.99
10/1/2020,Central,6.16
10/1/2020,South,356.85
10/1/2020,South,251.58
10/1/2020,East,61.542
10/1/2020,East,81.438
10/1/2020,East,33.282
10/1/2020,East,118.65
10/1/2020,East,14.76
10/1/2020,Central,55.616
10/1/2020,Central,7.056
10/1/2020,Central,27.184
10/1/2020,West,556.665
10/1/2020,West,95.84
10/1/2020,Central,15.84
10/1/2020,Central,8.448
10/1/2020,West,189.576
10/1/2020,West,71.96
10/1/2020,West,44.784
10/1/2020,South,56.784
10/1/2020,South,5.607
10/1/2020,South,6.576
10/1/2020,East,47.98
10/1/2020,Central,24
10/1/2020,Central,15.552
10/1/2020,Central,26.176
10/1/2020,South,77.952
10/1/2020,South,147.184
10/1/2020,South,47.952
10/1/2020,East,21.93
10/1/2020,East,46.96
10/1/2020,West,9.64
10/1/2020,West,88.752
10/1/2020,West,13.904
10/1/2020,West,43.86
10/1/2020,West,148.48
10/1/2020,West,7.42
10/1/2020,West,71.992
10/1/2020,West,19.9
10/1/2020,West,1702.12
10/1/2020,East,20.736
10/1/2020,East,7.168
10/1/2020,East,11.168
10/1/2020,East,442.4
10/1/2020,West,97.568
10/1/2020,West,614.272
10/1/2020,West,199.98
10/1/2020,Central,16.192
10/1/2020,Central,251.006
10/1/2020,Central,54.192
10/1/2020,South,105.98
10/1/2020,South,35.06
10/1/2020,South,33.94
10/1/2020,South,30
10/1/2020,Central,5.248
10/1/2020,Central,508.768
10/1/2020,Central,9.912
11/1/2020,West,25.12
11/1/2020,West,2665.62
11/1/2020,East,189.7
11/1/2020,East,40.99
11/1/2020,West,23.85
11/1/2020,Central,18.24
11/1/2020,Central,27.78
11/1/2020,West,76.58
11/1/2020,West,8.8
11/1/2020,West,590.352
11/1/2020,West,5.58
11/1/2020,West,25.02
11/1/2020,West,452.55
11/1/2020,South,5.32
11/1/2020,South,975.92
11/1/2020,South,2249.91
11/1/2020,South,59.92
11/1/2020,East,3.312
11/1/2020,East,20.136
11/1/2020,East,8.856
11/1/2020,East,859.2
11/1/2020,West,19.44
11/1/2020,East,384.592
11/1/2020,West,168.1
11/1/2020,Central,54.336
11/1/2020,Central,83.9
11/1/2020,Central,11.76
11/1/2020,East,155.372
11/1/2020,South,5.56
11/1/2020,South,15.992
11/1/2020,West,139.86
11/1/2020,West,307.136
11/1/2020,South,12.39
11/1/2020,West,41.37
11/1/2020,Central,8.56
11/1/2020,Central,52.4
11/1/2020,Central,14.94
11/1/2020,East,11.673
11/1/2020,West,43.5
11/1/2020,South,26.4
11/1/2020,West,35.88
11/1/2020,South,361.376
11/1/2020,East,40.776
11/1/2020,West,199.75
11/1/2020,West,1.673.184
11/1/2020,South,16.272
11/1/2020,West,18.368
11/1/2020,West,486.368
11/1/2020,South,959.984
11/1/2020,South,4.086
11/1/2020,South,55.984
11/1/2020,South,10.688
11/1/2020,South,7999.98
11/1/2020,South,167.44
11/1/2020,South,9.664
11/1/2020,Central,23.68
11/1/2020,South,523.764
11/1/2020,South,1359.96
11/1/2020,South,95.976
11/1/2020,South,143.928
11/1/2020,South,3.564
11/1/2020,South,4.928
11/1/2020,Central,7.536
11/1/2020,Central,1.408
11/1/2020,Central,4.144
11/1/2020,Central,52.752
11/1/2020,East,70.72
11/1/2020,East,194.352
11/1/2020,South,4.3
11/1/2020,West,2.388
11/1/2020,West,243.992
11/1/2020,West,159.99
11/1/2020,East,390.75
11/1/2020,Central,16.03
11/1/2020,Central,492.768
11/1/2020,West,12.96
11/1/2020,East,164.688
11/1/2020,East,166.5
11/1/2020,East,12.96
11/1/2020,East,110.96
11/1/2020,East,99.98
11/1/2020,East,11.424
11/1/2020,East,128.124
11/1/2020,East,101.4
11/1/2020,Central,4.41
11/1/2020,Central,167.94
11/1/2020,Central,67.8
11/1/2020,West,5.682
11/1/2020,East,46.26
11/1/2020,South,5.78
11/1/2020,West,15.28
11/1/2020,West,8.73
11/1/2020,West,5.68
11/1/2020,South,499.584
11/1/2020,South,31.104
11/1/2020,South,13.272
11/1/2020,South,28.272
11/1/2020,South,259.136
11/1/2020,Central,13.9
11/1/2020,Central,26.38
11/1/2020,East,127.372
11/1/2020,East,47.952
11/1/2020,West,59.94
11/1/2020,West,45.36
11/1/2020,West,26.4
11/1/2020,West,41.4
11/1/2020,West,16.95
11/1/2020,East,318.96
11/1/2020,West,2036.86
11/1/2020,West,449.568
11/1/2020,West,108.96
11/1/2020,Central,30.56
11/1/2020,Central,1.248
11/1/2020,Central,18.16
11/1/2020,West,59.97
11/1/2020,West,761.544
11/1/2020,East,359.97
11/1/2020,East,350.352
11/1/2020,West,21.792
11/1/2020,West,439.8
11/1/2020,East,100.94
11/1/2020,East,7.88
11/1/2020,East,272.97
11/1/2020,Central,38.16
11/1/2020,East,109.9
11/1/2020,East,274.2
11/1/2020,East,96.53
11/1/2020,West,215.976
11/1/2020,West,63.56
11/1/2020,West,99.99
11/1/2020,East,9.64
11/1/2020,East,826.62
11/1/2020,East,1633.14
11/1/2020,East,544.38
11/1/2020,West,47.12
11/1/2020,West,523.392
11/1/2020,South,191.976
11/1/2020,South,499.168
11/1/2020,West,38.388
11/1/2020,West,95.994
11/1/2020,West,239.952
11/1/2020,West,201.584
11/1/2020,West,899.136
11/1/2020,East,931.176
11/1/2020,East,430.88
11/1/2020,Central,341.96
11/1/2020,West,26.352
11/1/2020,South,11.52
11/1/2020,West,7.8
11/1/2020,West,400.8
11/1/2020,West,28.792
11/1/2020,West,111.79
11/1/2020,West,241.424
11/1/2020,Central,10.44
11/1/2020,Central,18.336
11/1/2020,East,10.368
11/1/2020,West,10.89
11/1/2020,West,19.44
11/1/2020,West,121.6
11/1/2020,Central,181.86
11/1/2020,Central,45.92
11/1/2020,Central,18.24
11/1/2020,East,35.48
11/1/2020,South,1158.12
11/1/2020,South,88.92
11/1/2020,West,34.92
11/1/2020,Central,35.184
11/1/2020,Central,25.5
11/1/2020,West,10.56
11/1/2020,East,15.92
11/1/2020,Central,16.056
11/1/2020,Central,223.056
11/1/2020,Central,540.048
11/1/2020,East,370.782
11/1/2020,West,41.6
11/1/2020,West,23.12
11/1/2020,West,113.888
11/1/2020,West,113.568
11/1/2020,West,7.92
11/1/2020,West,671.984
11/1/2020,Central,30.56
11/1/2020,Central,77.952
11/1/2020,Central,67.992
11/1/2020,Central,12.224
11/1/2020,Central,44.784
11/1/2020,Central,22.848
11/1/2020,East,10.848
11/1/2020,East,18.544
11/1/2020,West,9.96
11/1/2020,West,9.21
11/1/2020,West,27.93
11/1/2020,West,14.016
11/1/2020,West,18.24
11/1/2020,West,76.12
11/1/2020,South,26.72
11/1/2020,West,62.352
11/1/2020,West,11.56
11/1/2020,East,221.024
11/1/2020,Central,230.376
11/1/2020,Central,9.324
11/1/2020,East,60.864
11/1/2020,East,652.995
11/1/2020,East,11.22
11/1/2020,East,163.96
11/1/2020,South,8.904
11/1/2020,South,720.064
11/1/2020,West,2.404.704
11/1/2020,West,563.024
11/1/2020,West,344.91
11/1/2020,West,8.64
11/1/2020,South,2.064
11/1/2020,Central,61.792
11/1/2020,Central,2.059.992
11/1/2020,East,629.95
11/1/2020,East,43.6
11/1/2020,East,154.95
11/1/2020,East,11.21
11/1/2020,South,239.92
11/1/2020,West,82.95
11/1/2020,West,22
11/1/2020,East,119.94
11/1/2020,East,3.648
11/1/2020,West,321.568
11/1/2020,East,8.64
11/1/2020,Central,167.952
11/1/2020,Central,45.04
11/1/2020,East,96.36
11/1/2020,Central,21.99
11/1/2020,Central,15.28
11/1/2020,West,34.24
11/1/2020,South,220.064
11/1/2020,South,339.136
11/1/2020,East,146.82
11/1/2020,West,811.28
11/1/2020,West,1.919.976
11/1/2020,West,48.86
11/1/2020,West,23.36
11/1/2020,East,52.44
11/1/2020,West,73.68
11/1/2020,West,139.92
11/1/2020,West,107.88
11/1/2020,West,33.29
11/1/2020,East,119.94
11/1/2020,West,17.31
11/1/2020,East,1.824
11/1/2020,East,899.982
11/1/2020,East,86.352
11/1/2020,East,139.96
11/1/2020,West,119.94
11/1/2020,West,12.42
11/1/2020,South,35.04
11/1/2020,East,50.94
11/1/2020,Central,3.277.328
11/1/2020,East,10499.97
11/1/2020,Central,239.96
11/1/2020,East,1247.64
11/1/2020,West,13.904
11/1/2020,West,19.608
11/1/2020,West,4.158
11/1/2020,South,268.24
11/1/2020,South,431.16
11/1/2020,East,38.88
11/1/2020,East,187.76
11/1/2020,East,43.8
11/1/2020,South,79.99
11/1/2020,South,206.1
11/1/2020,West,169.68
11/1/2020,West,132.52
11/1/2020,West,2.96
11/1/2020,West,8.448
11/1/2020,West,95.94
11/1/2020,East,38.864
11/1/2020,Central,19.76
11/1/2020,South,44.384
11/1/2020,South,2.944
11/1/2020,East,74.95
11/1/2020,South,81.36
11/1/2020,South,20.232
11/1/2020,South,389.056
11/1/2020,South,20.736
11/1/2020,South,41.472
11/1/2020,Central,55.584
11/1/2020,Central,127.386
11/1/2020,Central,92.52
11/1/2020,Central,37.76
11/1/2020,Central,7.38
11/1/2020,Central,5.82
11/1/2020,Central,219.075
11/1/2020,East,41.28
11/1/2020,East,13.36
11/1/2020,West,31.968
11/1/2020,Central,16.896
11/1/2020,Central,6.672
11/1/2020,Central,99.136
11/1/2020,Central,15.992
11/1/2020,Central,233.058
11/1/2020,Central,305.312
11/1/2020,South,821.88
11/1/2020,South,21.96
11/1/2020,West,305.01
11/1/2020,West,18.7
11/1/2020,East,16.74
11/1/2020,East,2504.74
11/1/2020,Central,718.116
11/1/2020,Central,31.776
11/1/2020,South,25.06
11/1/2020,Central,191.058
11/1/2020,Central,13.04
11/1/2020,Central,1.525.188
11/1/2020,East,59.913
11/1/2020,South,22.96
11/1/2020,East,58.408
11/1/2020,East,79.974
11/1/2020,West,42.6
11/1/2020,West,84.056
11/1/2020,South,23.968
11/1/2020,South,28.728
11/1/2020,East,77.6
11/1/2020,East,4.656
11/1/2020,West,283.92
11/1/2020,Central,22
11/1/2020,East,46.76
11/1/2020,East,183.968
11/1/2020,East,1259.97
11/1/2020,East,68.97
11/1/2020,South,209.568
11/1/2020,South,27.58
11/1/2020,East,2.97
11/1/2020,East,569.99
11/1/2020,East,50.97
11/1/2020,West,70.98
11/1/2020,East,27.42
11/1/2020,West,56.56
11/1/2020,West,5.56
11/1/2020,West,9.02
11/1/2020,West,8.62
11/1/2020,West,659.976
11/1/2020,East,8.448
11/1/2020,East,39.296
11/1/2020,West,11.76
11/1/2020,West,40.736
11/1/2020,West,150.8
11/1/2020,West,1.039.992
11/1/2020,West,51.84
11/1/2020,Central,55.176
11/1/2020,Central,35.712
11/1/2020,South,74.112
11/1/2020,South,27.992
11/1/2020,South,3.304
11/1/2020,Central,28.4
11/1/2020,Central,287.92
11/1/2020,East,24.048
11/1/2020,East,7.476
11/1/2020,Central,6.464
11/1/2020,Central,11.52
11/1/2020,Central,222.384
11/1/2020,Central,195.96
11/1/2020,Central,4.36
11/1/2020,Central,10.688
11/1/2020,Central,36.288
11/1/2020,Central,78.304
11/1/2020,Central,127.785
11/1/2020,Central,6.104
11/1/2020,Central,10.824
11/1/2020,East,5.88
11/1/2020,East,977.292
11/1/2020,South,79.1
11/1/2020,South,327.84
11/1/2020,South,2.88
11/1/2020,South,1443.96
11/1/2020,West,20.724
11/1/2020,West,415.872
11/1/2020,South,19.008
11/1/2020,East,16.38
11/1/2020,East,167.96
11/1/2020,East,321.568
11/1/2020,East,12.96
11/1/2020,West,27.76
11/1/2020,East,89.988
11/1/2020,East,229.544
11/1/2020,Central,33.29
11/1/2020,West,7.78
11/1/2020,Central,13.762
11/1/2020,South,11.673
11/1/2020,South,64.848
11/1/2020,West,364.08
11/1/2020,West,71.088
11/1/2020,West,223.58
11/1/2020,Central,501.81
11/1/2020,West,359.499
11/1/2020,West,10.48
11/1/2020,West,39.96
11/1/2020,West,34.08
11/1/2020,South,48.87
11/1/2020,South,723.92
11/1/2020,West,5.16
11/1/2020,Central,299.96
11/1/2020,Central,67.84
11/1/2020,Central,853.93
11/1/2020,Central,18.688
11/1/2020,South,701.96
11/1/2020,Central,126.3
11/1/2020,Central,38.04
11/1/2020,East,220.752
11/1/2020,South,12.84
11/1/2020,East,52.272
11/1/2020,East,213.136
11/1/2020,Central,33.568
11/1/2020,East,58.73
11/1/2020,East,93.344
11/1/2020,Central,257.94
11/1/2020,Central,1879.96
11/1/2020,Central,27.46
11/1/2020,Central,89.98
11/1/2020,Central,828.6
11/1/2020,East,979.95
11/1/2020,East,135.3
11/1/2020,Central,46.94
11/1/2020,Central,143.73
11/1/2020,West,244.55
11/1/2020,West,166.16
11/1/2020,South,8.76
11/1/2020,South,43.584
11/1/2020,West,117.488
11/1/2020,West,18.84
11/1/2020,West,57.568
11/1/2020,East,6.99
11/1/2020,East,107.424
11/1/2020,Central,158.28
11/1/2020,Central,497.94
11/1/2020,East,516.488
11/1/2020,East,1.007.232
11/1/2020,East,2065.32
11/1/2020,East,15.552
11/1/2020,East,25.344
11/1/2020,West,88.768
11/1/2020,East,1979.89
11/1/2020,East,79.96
11/1/2020,East,1.64
11/1/2020,East,1049.2
11/1/2020,East,20.9
11/1/2020,West,62.65
11/1/2020,South,390.368
11/1/2020,South,101.52
11/1/2020,East,68.472
11/1/2020,East,1242.9
11/1/2020,South,173.8
11/1/2020,East,155.94
11/1/2020,East,663.936
11/1/2020,South,71.976
11/1/2020,Central,2.368
11/1/2020,South,383.976
11/1/2020,South,1.781.682
11/1/2020,East,83.56
11/1/2020,East,546.06
11/1/2020,East,269.49
11/1/2020,West,25.83
11/1/2020,Central,95.976
11/1/2020,East,1.079.316
12/1/2020,Central,83.92
12/1/2020,Central,131.98
12/1/2020,Central,15.92
12/1/2020,Central,52.29
12/1/2020,Central,91.99
12/1/2020,East,20.37
12/1/2020,East,221.55
12/1/2020,East,17.52
12/1/2020,West,470.376
12/1/2020,West,105.584
12/1/2020,West,31.152
12/1/2020,West,6.783
12/1/2020,West,406.368
12/1/2020,East,104.68
12/1/2020,East,62.958
12/1/2020,Central,219.8
12/1/2020,Central,317.058
12/1/2020,West,45.36
12/1/2020,West,10.128
12/1/2020,East,37.392
12/1/2020,East,79.12
12/1/2020,East,19.44
12/1/2020,East,897.15
12/1/2020,East,7.712
12/1/2020,Central,10.368
12/1/2020,West,41.86
12/1/2020,West,141.96
12/1/2020,West,15.92
12/1/2020,West,70.68
12/1/2020,West,541.24
12/1/2020,West,629.64
12/1/2020,East,15.936
12/1/2020,East,8.001
12/1/2020,East,398.972
12/1/2020,West,559.62
12/1/2020,West,109.92
12/1/2020,West,8.56
12/1/2020,South,34.65
12/1/2020,Central,294.62
12/1/2020,Central,8.752
12/1/2020,South,47.96
12/1/2020,West,9.024
12/1/2020,West,69.456
12/1/2020,West,10.86
12/1/2020,West,79.47
12/1/2020,West,10.08
12/1/2020,South,45.66
12/1/2020,East,631.176
12/1/2020,Central,2479.96
12/1/2020,West,39.992
12/1/2020,West,1.159.056
12/1/2020,West,179.9
12/1/2020,South,701.96
12/1/2020,Central,12.16
12/1/2020,South,32.776
12/1/2020,West,114.288
12/1/2020,West,36.624
12/1/2020,West,242.352
12/1/2020,West,49.616
12/1/2020,West,508.704
12/1/2020,West,57.36
12/1/2020,West,906.68
12/1/2020,West,67.86
12/1/2020,East,19.728
12/1/2020,East,151.188
12/1/2020,East,286.86
12/1/2020,East,979.95
12/1/2020,East,4.36
12/1/2020,East,83.92
12/1/2020,East,14.624
12/1/2020,East,136.99
12/1/2020,East,3.15
12/1/2020,West,166.44
12/1/2020,South,47.992
12/1/2020,South,45.216
12/1/2020,South,28.782
12/1/2020,South,24.448
12/1/2020,West,521.96
12/1/2020,Central,13.592
12/1/2020,Central,10.368
12/1/2020,West,13.344
12/1/2020,West,76.752
12/1/2020,West,102.336
12/1/2020,West,10.32
12/1/2020,West,47.32
12/1/2020,West,23.376
12/1/2020,West,16.72
12/1/2020,West,16.192
12/1/2020,East,5.346
12/1/2020,East,188.552
12/1/2020,East,239.96
12/1/2020,East,54.768
12/1/2020,East,13.392
12/1/2020,East,23.92
12/1/2020,East,255.968
12/1/2020,Central,61.568
12/1/2020,Central,8.8
12/1/2020,Central,142.8
12/1/2020,Central,399.95
12/1/2020,South,649
12/1/2020,East,74.352
12/1/2020,West,11.76
12/1/2020,East,12.99
12/1/2020,East,182.22
12/1/2020,East,302.94
12/1/2020,East,11.352
12/1/2020,Central,61.44
12/1/2020,Central,38.9
12/1/2020,Central,99.39
12/1/2020,West,92.94
12/1/2020,East,205.03
12/1/2020,East,20.94
12/1/2020,East,58.68
12/1/2020,East,254.9
12/1/2020,West,24.816
12/1/2020,West,14.976
12/1/2020,East,41.96
12/1/2020,East,9.45
12/1/2020,West,83.92
12/1/2020,West,199.9
12/1/2020,West,31.176
12/1/2020,West,172.752
12/1/2020,West,9.296
12/1/2020,East,21.6
12/1/2020,East,11.07
12/1/2020,West,10.68
12/1/2020,West,374.376
12/1/2020,Central,3.552
12/1/2020,Central,15.552
12/1/2020,East,127.984
12/1/2020,South,82.38
12/1/2020,Central,1889.99
12/1/2020,South,320.64
12/1/2020,South,52
12/1/2020,West,50.04
12/1/2020,West,179.95
12/1/2020,West,1.199.976
12/1/2020,West,27.15
12/1/2020,West,1.004.024
12/1/2020,West,9.68
12/1/2020,West,28.35
12/1/2020,West,55.98
12/1/2020,West,1.336.829
12/1/2020,West,113.568
12/1/2020,East,109.48
12/1/2020,East,272.94
12/1/2020,East,19.44
12/1/2020,East,31.92
12/1/2020,West,29.79
12/1/2020,West,128.9
12/1/2020,West,60.12
12/1/2020,West,69.48
12/1/2020,West,87.92
12/1/2020,West,22.424
12/1/2020,West,90.48
12/1/2020,West,42.76
12/1/2020,Central,178.11
12/1/2020,Central,1089.75
12/1/2020,Central,61.06
12/1/2020,Central,459.92
12/1/2020,Central,27.52
12/1/2020,East,592.74
12/1/2020,East,215.544
12/1/2020,East,13.248
12/1/2020,East,83.988
12/1/2020,Central,1.248
12/1/2020,Central,9.708
12/1/2020,Central,27.24
12/1/2020,West,444.768
12/1/2020,East,37.208
12/1/2020,East,57.576
12/1/2020,Central,872.94
12/1/2020,Central,41.54
12/1/2020,Central,12.96
12/1/2020,Central,33.45
12/1/2020,Central,10.4
12/1/2020,East,2.624
12/1/2020,Central,104.88
12/1/2020,Central,34.7
12/1/2020,Central,33.72
12/1/2020,Central,14.94
12/1/2020,Central,15.984
12/1/2020,West,11.16
12/1/2020,West,896.328
12/1/2020,West,189
12/1/2020,Central,143.856
12/1/2020,West,419.4
12/1/2020,West,13.005
12/1/2020,West,148.257
12/1/2020,South,29.36
12/1/2020,South,214.9
12/1/2020,South,15.92
12/1/2020,South,146.45
12/1/2020,South,15.14
12/1/2020,South,5.76
12/1/2020,South,1399.98
12/1/2020,East,11.088
12/1/2020,Central,54.9
12/1/2020,West,19.936
12/1/2020,West,65.568
12/1/2020,East,14.2
12/1/2020,Central,34.5
12/1/2020,West,1669.6
12/1/2020,East,10.368
12/1/2020,East,310.88
12/1/2020,East,10.86
12/1/2020,East,426.79
12/1/2020,South,19.104
12/1/2020,West,49.08
12/1/2020,West,324.9
12/1/2020,West,18.24
12/1/2020,South,599.97
12/1/2020,South,38.97
12/1/2020,South,45.84
12/1/2020,West,95.84
12/1/2020,West,12.96
12/1/2020,South,14.76
12/1/2020,East,3.273
12/1/2020,East,87.92
12/1/2020,East,23.36
12/1/2020,East,39.98
12/1/2020,East,63.686
12/1/2020,Central,10.368
12/1/2020,Central,77.72
12/1/2020,Central,520.464
12/1/2020,East,128.85
12/1/2020,Central,116.312
12/1/2020,East,14.952
12/1/2020,East,17.94
12/1/2020,East,116.98
12/1/2020,Central,1.392
12/1/2020,South,721.875
12/1/2020,South,73.568
12/1/2020,South,13.584
12/1/2020,South,64.784
12/1/2020,Central,7.28
12/1/2020,Central,5.4
12/1/2020,East,6.54
12/1/2020,East,40.2
12/1/2020,East,735.98
12/1/2020,East,22.75
12/1/2020,West,31.44
12/1/2020,East,287.976
12/1/2020,West,8.64
12/1/2020,West,38.88
12/1/2020,West,201.04
12/1/2020,West,12.96
12/1/2020,West,26.25
12/1/2020,West,64.96
12/1/2020,West,43.7
12/1/2020,Central,227.976
12/1/2020,Central,52.68
12/1/2020,Central,2.032
12/1/2020,South,159.8
12/1/2020,South,44.75
12/1/2020,Central,974.988
12/1/2020,Central,266.352
12/1/2020,Central,56.328
12/1/2020,Central,39.264
12/1/2020,Central,95.232
12/1/2020,East,1199.98
12/1/2020,East,73.85
12/1/2020,East,25.71
12/1/2020,East,17.28
12/1/2020,East,526.582
12/1/2020,West,22.77
12/1/2020,Central,10.192
12/1/2020,West,22.83
12/1/2020,West,54.32
12/1/2020,West,196.776
12/1/2020,West,81.568
12/1/2020,West,97.184
12/1/2020,West,24.32
12/1/2020,West,18.96
12/1/2020,Central,10.8
12/1/2020,East,33.376
12/1/2020,West,13.36
12/1/2020,West,158.9
12/1/2020,West,5.984
12/1/2020,West,189.95
12/1/2020,West,149.95
12/1/2020,West,29.95
12/1/2020,West,44.4
12/1/2020,Central,66.284
12/1/2020,West,15.24
12/1/2020,West,13.23
12/1/2020,West,11.808
12/1/2020,Central,28.16
12/1/2020,South,504.9
12/1/2020,South,544.38
12/1/2020,West,481.32
12/1/2020,West,13.98
12/1/2020,East,166.72
12/1/2020,East,24.816
12/1/2020,East,124.36
12/1/2020,Central,32.56
12/1/2020,West,46.672
12/1/2020,West,119.833
12/1/2020,West,119.98
12/1/2020,East,38.82
12/1/2020,East,1.141.938
12/1/2020,East,1704.56
12/1/2020,East,3.2
12/1/2020,East,18.96
12/1/2020,West,6.63
12/1/2020,West,12.96
12/1/2020,West,32.4
12/1/2020,East,18.704
12/1/2020,South,12.672
12/1/2020,West,5.76
12/1/2020,East,7.236
12/1/2020,East,4.824
12/1/2020,East,91.36
12/1/2020,East,130.112
12/1/2020,Central,99.95
12/1/2020,Central,29.34
12/1/2020,West,36.672
12/1/2020,South,1665.62
12/1/2020,West,13.36
12/1/2020,West,78.256
12/1/2020,West,102.018
12/1/2020,East,6.48
12/1/2020,East,6.984
12/1/2020,East,279.9
12/1/2020,East,50.352
12/1/2020,East,34.02
12/1/2020,West,6.63
12/1/2020,West,5.88
12/1/2020,West,1000.02
12/1/2020,East,281.97
12/1/2020,East,69.5
12/1/2020,East,166.44
12/1/2020,South,71
12/1/2020,West,124.36
12/1/2020,South,23.88
12/1/2020,Central,15.92
12/1/2020,Central,375.34
12/1/2020,Central,839.43
12/1/2020,South,7.824
12/1/2020,Central,199.95
12/1/2020,Central,1586.69
12/1/2020,Central,84.99
12/1/2020,Central,411.8
12/1/2020,West,4.17
12/1/2020,West,67.04
12/1/2020,West,37.32
12/1/2020,West,18.45
12/1/2020,East,1.641
12/1/2020,East,629.958
12/1/2020,East,695.16
12/1/2020,East,220.98
12/1/2020,Central,25.92
12/1/2020,Central,6.33
12/1/2020,Central,75.88
12/1/2020,South,141.96
12/1/2020,West,182.55
12/1/2020,West,474.95
12/1/2020,Central,607.52
12/1/2020,Central,31.16
12/1/2020,South,934.956
12/1/2020,South,46.864
12/1/2020,South,26.16
12/1/2020,South,23.128
12/1/2020,South,59.24
12/1/2020,West,13.48
12/1/2020,East,181.95
12/1/2020,Central,28.672
12/1/2020,Central,29.312
12/1/2020,South,72.704
12/1/2020,South,12.264
12/1/2020,South,218.352
12/1/2020,South,62.04
12/1/2020,South,494.97
12/1/2020,South,367.96
12/1/2020,South,44.96
12/1/2020,South,182.94
12/1/2020,Central,13.84
12/1/2020,Central,175.872
12/1/2020,East,27.46
12/1/2020,East,35.91
12/1/2020,East,17.88
12/1/2020,West,1003.62
12/1/2020,East,271.764
12/1/2020,East,14.376
12/1/2020,East,37.93
12/1/2020,South,479.97
12/1/2020,South,232.88
12/1/2020,West,2.879.952
12/1/2020,West,90.48
12/1/2020,West,8.544
12/1/2020,West,842.376
12/1/2020,Central,264.32
12/1/2020,West,21.312
12/1/2020,East,19.44
12/1/2020,East,12.3
12/1/2020,East,41.96
12/1/2020,East,191.984
12/1/2020,South,95.94
12/1/2020,South,304.45
12/1/2020,East,158.928
12/1/2020,East,13.023
12/1/2020,East,273.06
12/1/2020,East,39.312
12/1/2020,South,96.08
12/1/2020,South,3.62
12/1/2020,South,629.1
12/1/2020,South,90.48
12/1/2020,West,153.552
12/1/2020,West,270.62
12/1/2020,West,3.856
12/1/2020,Central,39.582
12/1/2020,Central,44.688
12/1/2020,Central,31.744
12/1/2020,Central,40.98
12/1/2020,Central,3.168
12/1/2020,South,21
12/1/2020,South,120
12/1/2020,East,31.8
12/1/2020,Central,44.75
12/1/2020,East,3.132
12/1/2020,Central,750.68
12/1/2020,Central,16.032
12/1/2020,East,164.388
12/1/2020,East,13.248
12/1/2020,West,725.84
12/1/2020,East,72.45
12/1/2020,East,13.96
12/1/2020,East,33.264
12/1/2020,East,14.85
12/1/2020,Central,27.168
12/1/2020,Central,788.528
12/1/2020,West,7.4
12/1/2020,South,64.784
12/1/2020,West,1.188
12/1/2020,West,340.704
12/1/2020,Central,1.68
12/1/2020,Central,7.968
12/1/2020,Central,113.372
12/1/2020,Central,2.96
12/1/2020,Central,2.48
12/1/2020,Central,25.9
12/1/2020,West,118.25
12/1/2020,West,4.28
12/1/2020,West,393.568
12/1/2020,West,302.376
12/1/2020,East,6.03
12/1/2020,Central,209.7
12/1/2020,West,101.12
12/1/2020,West,19.6
12/1/2020,West,68.46
12/1/2020,South,1207.84
12/1/2020,South,12.53
12/1/2020,South,34.58
12/1/2020,South,300.98
12/1/2020,South,258.75
12/1/2020,Central,209.3
12/1/2020,East,323.136
12/1/2020,East,90.93
12/1/2020,East,52.776
30/12/2020,West,13.904
,West,20.72
,West,3.024
